area_sqft,bedrooms,bathrooms,house_age,floors,parking_spaces,location,furnishing,price
812,5,4,22,2,2,Urban,Semi-Furnished,9789590.0
3208,3,3,30,2,3,Urban,Semi-Furnished,20259485.0
2791,5,5,7,1,2,Suburban,Furnished,20324517.0
2036,4,4,31,3,2,Urban,Furnished,16102588.0
2015,4,4,46,3,1,Rural,Semi-Furnished,12419938.0
3505,5,5,6,3,0,Urban,Furnished,26588740.0
800,3,3,16,2,1,Urban,Furnished,8361900.0
2940,4,5,34,3,2,Urban,Semi-Furnished,21246010.0
1205,2,2,30,2,0,Urban,Semi-Furnished,9079635.0
829,5,4,33,3,0,Urban,Unfurnished,10031583.0
2342,4,4,27,1,1,Suburban,Unfurnished,15842302.0
3914,4,3,34,1,3,Urban,Unfurnished,25268341.0
3075,3,4,30,2,2,Suburban,Furnished,19328577.0
3163,5,5,3,2,2,Rural,Semi-Furnished,20406688.0
3011,1,1,37,3,2,Suburban,Unfurnished,17891275.0
3251,1,1,22,1,0,Suburban,Semi-Furnished,19754758.0
2296,3,3,2,3,1,Urban,Semi-Furnished,17865415.0
948,4,3,20,1,0,Urban,Semi-Furnished,9081405.0
3439,5,4,21,2,3,Urban,Semi-Furnished,24405057.0
2076,3,3,4,3,3,Rural,Semi-Furnished,15954430.0
2251,4,3,49,2,1,Suburban,Furnished,14991896.0
1797,3,4,11,3,1,Urban,Semi-Furnished,15942689.0
1138,5,4,16,3,1,Suburban,Furnished,10649369.0
3743,4,5,22,3,3,Rural,Unfurnished,22964140.0
3235,3,3,41,2,1,Suburban,Unfurnished,19700696.0
2753,5,5,37,2,3,Suburban,Semi-Furnished,19318730.0
1908,1,1,38,1,1,Rural,Semi-Furnished,9455128.0
3379,5,5,11,2,2,Suburban,Unfurnished,22119138.0
2409,1,2,42,3,2,Suburban,Semi-Furnished,15228599.0
2051,2,1,41,2,1,Urban,Semi-Furnished,14544286.0
2076,5,4,23,2,3,Urban,Furnished,18418700.0
1295,4,4,27,1,2,Rural,Furnished,11121751.0
822,5,4,1,2,3,Suburban,Furnished,10403634.0
2441,4,3,38,1,3,Urban,Furnished,17635361.0
3607,4,4,48,3,0,Suburban,Unfurnished,22562094.0
723,2,2,23,2,0,Urban,Semi-Furnished,8013748.0
3504,1,1,27,1,2,Rural,Unfurnished,17908081.0
3396,1,2,24,1,1,Urban,Semi-Furnished,20295655.0
1468,2,3,4,3,1,Rural,Unfurnished,10297951.0
2710,1,1,30,3,0,Suburban,Semi-Furnished,15657908.0
1078,3,3,36,3,1,Urban,Semi-Furnished,9987099.0
3153,4,3,46,1,1,Urban,Unfurnished,20936373.0
2951,5,4,46,1,1,Rural,Semi-Furnished,18166526.0
1740,3,2,24,1,2,Urban,Furnished,14708911.0
737,5,5,47,3,2,Urban,Semi-Furnished,8115325.0
3897,5,5,26,3,1,Suburban,Semi-Furnished,25291779.0
2059,5,5,32,3,0,Urban,Semi-Furnished,16913082.0
3625,3,3,30,1,2,Urban,Unfurnished,21951390.0
2872,2,3,49,1,0,Urban,Unfurnished,17140973.0
3224,5,4,36,3,1,Rural,Semi-Furnished,19176460.0
3159,2,3,6,3,1,Urban,Furnished,21841989.0
1181,3,4,3,3,0,Urban,Semi-Furnished,12915698.0
1773,1,1,20,1,1,Urban,Unfurnished,13535413.0
2133,4,4,25,1,1,Urban,Furnished,15996599.0
2242,4,5,33,1,3,Urban,Unfurnished,17311990.0
653,1,1,24,3,3,Urban,Semi-Furnished,7646758.0
2412,2,3,25,3,0,Urban,Unfurnished,16678738.0
1040,3,4,46,2,2,Urban,Unfurnished,9777286.0
3101,3,3,16,1,2,Rural,Unfurnished,18497820.0
2890,5,4,24,3,1,Urban,Unfurnished,21829299.0
3728,2,2,27,1,1,Urban,Furnished,24162327.0
3106,5,4,23,3,3,Rural,Semi-Furnished,19304092.0
1783,3,3,48,3,1,Rural,Furnished,11658605.0
3886,5,5,48,3,0,Suburban,Furnished,25041861.0
1937,2,2,25,3,1,Urban,Furnished,14727877.0
1640,1,1,22,2,1,Urban,Unfurnished,12329997.0
3669,1,1,29,2,1,Urban,Semi-Furnished,22275452.0
1796,2,3,9,1,0,Urban,Unfurnished,13544527.0
767,5,4,21,3,0,Urban,Furnished,10228268.0
2143,1,1,10,3,3,Suburban,Furnished,13130829.0
3284,2,3,7,1,0,Urban,Unfurnished,21155521.0
1163,1,1,4,3,2,Suburban,Unfurnished,8319825.0
2120,5,5,29,1,2,Urban,Unfurnished,15798486.0
954,4,3,0,2,2,Urban,Furnished,12414613.0
2902,4,3,32,1,3,Suburban,Semi-Furnished,19163345.0
2164,4,4,21,2,0,Rural,Furnished,14306918.0
1655,4,4,18,2,1,Urban,Unfurnished,13460638.0
1294,4,3,38,2,0,Suburban,Furnished,10316119.0
2475,1,1,26,3,2,Urban,Unfurnished,16834005.0
2844,5,4,36,3,2,Urban,Furnished,20279924.0
3791,4,4,35,2,3,Suburban,Furnished,24154820.0
2030,4,5,1,3,1,Urban,Unfurnished,17488647.0
1062,2,1,10,2,0,Urban,Semi-Furnished,8077199.0
3414,5,4,28,1,3,Suburban,Semi-Furnished,22272501.0
2704,2,2,48,1,2,Urban,Semi-Furnished,16900296.0
2950,1,1,7,1,3,Urban,Furnished,19691319.0
840,5,4,5,3,1,Urban,Unfurnished,10301860.0
1593,2,1,47,2,1,Rural,Semi-Furnished,8714937.0
3187,1,1,48,2,1,Suburban,Furnished,19368939.0
3412,4,4,8,2,2,Urban,Semi-Furnished,23635654.0
2023,2,2,20,3,0,Urban,Furnished,15113798.0
3316,5,4,31,2,3,Suburban,Furnished,23624522.0
3445,3,4,9,1,0,Urban,Semi-Furnished,22593989.0
1856,1,1,16,1,1,Suburban,Furnished,13311473.0
3643,5,5,19,2,1,Suburban,Furnished,24212326.0
1509,3,2,32,2,2,Urban,Semi-Furnished,13374127.0
1338,2,3,15,3,2,Urban,Semi-Furnished,12437741.0
2888,4,5,20,2,3,Urban,Furnished,21802576.0
2728,3,2,14,3,3,Urban,Unfurnished,19149659.0
989,1,2,37,2,0,Urban,Unfurnished,7270971.0
3414,4,5,7,2,0,Rural,Furnished,21670854.0
1199,3,2,11,2,3,Urban,Furnished,12447953.0
3317,4,5,12,2,1,Suburban,Semi-Furnished,21999222.0
525,5,4,45,3,0,Suburban,Unfurnished,5873364.0
3288,4,3,47,1,3,Urban,Furnished,21767052.0
3254,4,3,25,2,2,Urban,Unfurnished,22540534.0
3231,2,2,7,1,0,Urban,Furnished,22143813.0
2826,2,2,37,3,3,Suburban,Furnished,17383195.0
2150,3,3,24,3,2,Urban,Unfurnished,15451988.0
2968,5,4,42,2,2,Suburban,Furnished,20079151.0
1469,3,2,17,3,3,Rural,Furnished,11763072.0
3232,2,3,49,2,1,Suburban,Unfurnished,19373593.0
2444,4,5,40,1,1,Rural,Semi-Furnished,14232503.0
2106,5,5,11,2,2,Suburban,Semi-Furnished,16181347.0
2269,5,4,36,3,0,Rural,Unfurnished,13627378.0
2490,2,3,14,1,0,Rural,Semi-Furnished,14450741.0
630,4,5,17,1,3,Suburban,Semi-Furnished,9244087.0
989,3,3,12,1,0,Rural,Furnished,6656980.0
1359,3,2,34,3,2,Rural,Semi-Furnished,7823594.0
900,2,3,13,2,1,Suburban,Furnished,7775012.0
2038,1,1,31,3,0,Suburban,Unfurnished,12153717.0
2839,2,1,29,3,2,Suburban,Semi-Furnished,17762328.0
2790,3,2,37,2,3,Rural,Furnished,16989214.0
2148,5,5,49,3,1,Urban,Unfurnished,17037580.0
3492,5,4,0,1,0,Rural,Furnished,20954240.0
2478,1,1,49,1,0,Suburban,Furnished,14732436.0
777,4,4,5,2,0,Rural,Unfurnished,6806933.0
3177,1,2,26,2,3,Urban,Unfurnished,20642446.0
2511,4,3,17,1,1,Suburban,Unfurnished,15635802.0
2721,2,2,31,1,1,Suburban,Semi-Furnished,16367670.0
2478,3,4,36,1,0,Rural,Unfurnished,14370990.0
2437,4,5,42,3,1,Rural,Furnished,16521426.0
816,3,4,20,3,3,Suburban,Semi-Furnished,7533522.0
2457,5,4,46,3,1,Suburban,Furnished,16997927.0
3282,3,4,16,2,2,Urban,Semi-Furnished,21746735.0
1563,5,5,10,2,0,Rural,Furnished,12641447.0
2609,4,3,18,3,0,Urban,Furnished,19670852.0
607,2,2,26,2,2,Suburban,Semi-Furnished,6847419.0
1716,4,4,33,1,0,Suburban,Unfurnished,11573679.0
2028,3,3,41,2,1,Urban,Semi-Furnished,15239659.0
3939,3,2,11,3,1,Urban,Semi-Furnished,26410431.0
1251,1,2,15,2,0,Urban,Semi-Furnished,8989927.0
1467,1,2,46,3,2,Rural,Semi-Furnished,8727041.0
1929,3,3,21,3,3,Suburban,Furnished,15116758.0
3974,1,2,12,1,0,Urban,Semi-Furnished,24043692.0
3486,5,5,49,3,3,Suburban,Unfurnished,21464658.0
621,5,5,22,2,2,Urban,Furnished,10569269.0
1318,4,4,49,2,2,Rural,Semi-Furnished,8198944.0
3375,4,4,45,1,0,Urban,Unfurnished,21330154.0
704,3,2,45,2,3,Urban,Semi-Furnished,7677713.0
3494,1,1,29,1,0,Urban,Furnished,21684677.0
1484,2,1,39,1,3,Suburban,Semi-Furnished,9353158.0
3711,3,2,48,3,2,Suburban,Unfurnished,21117991.0
1527,5,4,13,1,1,Suburban,Furnished,13004641.0
2020,2,3,1,2,0,Suburban,Semi-Furnished,14733473.0
2816,3,2,16,1,2,Urban,Unfurnished,20604415.0
941,2,3,31,1,0,Urban,Furnished,7782963.0
2449,1,2,27,2,2,Urban,Semi-Furnished,16610539.0
2267,1,1,4,3,3,Rural,Unfurnished,12787825.0
3243,2,2,28,3,1,Urban,Semi-Furnished,21556768.0
3986,1,1,8,2,0,Rural,Semi-Furnished,21150219.0
2825,1,1,25,2,0,Urban,Furnished,17552746.0
1932,2,3,28,3,0,Urban,Unfurnished,13393910.0
1922,2,2,31,1,0,Urban,Semi-Furnished,13236061.0
1962,3,3,20,3,0,Urban,Unfurnished,14868638.0
3349,1,1,20,1,2,Suburban,Semi-Furnished,19873391.0
1624,2,3,33,1,1,Suburban,Semi-Furnished,10885763.0
1084,3,3,37,2,3,Urban,Semi-Furnished,9330876.0
1670,5,5,40,1,3,Suburban,Unfurnished,13333450.0
579,4,5,16,3,3,Suburban,Unfurnished,7913729.0
871,5,5,21,3,2,Rural,Furnished,9737414.0
815,2,3,16,2,1,Rural,Unfurnished,5462583.0
3200,3,4,26,3,3,Suburban,Unfurnished,19408408.0
3028,3,3,6,3,0,Rural,Furnished,18801782.0
2938,5,5,21,3,1,Suburban,Furnished,21559767.0
2116,5,4,9,3,1,Suburban,Unfurnished,15960859.0
3009,5,4,26,2,2,Suburban,Unfurnished,19797031.0
1064,4,4,42,1,2,Urban,Semi-Furnished,9673557.0
3652,3,4,49,3,3,Suburban,Semi-Furnished,23605837.0
2253,3,3,22,2,3,Rural,Unfurnished,13344878.0
3783,5,5,2,3,1,Urban,Furnished,26503824.0
1033,2,2,11,3,3,Rural,Furnished,8635624.0
2240,2,1,5,1,0,Rural,Unfurnished,11453786.0
2937,5,5,37,2,3,Urban,Furnished,22539613.0
2234,2,2,49,1,0,Suburban,Semi-Furnished,13418735.0
2061,2,2,27,1,3,Rural,Semi-Furnished,12941662.0
1081,3,3,8,3,1,Rural,Semi-Furnished,8891882.0
1833,2,1,1,3,3,Urban,Furnished,14833814.0
1335,5,5,48,3,0,Urban,Unfurnished,11057796.0
1555,5,5,15,3,1,Suburban,Unfurnished,12922947.0
2892,2,1,5,2,3,Urban,Furnished,19450735.0
2705,3,3,8,2,0,Urban,Semi-Furnished,19386309.0
2625,5,5,12,3,1,Urban,Furnished,21204746.0
1766,4,3,32,2,0,Urban,Furnished,15106966.0
3858,2,1,44,2,1,Suburban,Unfurnished,21661837.0
806,3,2,13,1,1,Suburban,Semi-Furnished,8083403.0
1699,4,4,34,3,2,Suburban,Semi-Furnished,12716799.0
913,4,5,3,3,1,Suburban,Unfurnished,9367806.0
1686,1,2,0,3,0,Urban,Unfurnished,13138770.0
3866,2,2,2,2,0,Urban,Unfurnished,24022669.0
1781,5,5,46,1,3,Urban,Unfurnished,14679630.0
3680,2,1,29,1,3,Urban,Semi-Furnished,22118165.0
2232,2,3,40,2,0,Urban,Semi-Furnished,14449261.0
2948,2,2,1,3,0,Urban,Furnished,20829387.0
2100,1,2,1,3,0,Urban,Unfurnished,15545683.0
1430,1,2,42,3,3,Urban,Furnished,10626041.0
3174,2,2,5,2,2,Suburban,Unfurnished,20199230.0
3892,5,4,7,3,3,Suburban,Unfurnished,25220485.0
1422,1,1,25,3,1,Rural,Furnished,8640954.0
3225,2,3,30,1,2,Suburban,Unfurnished,20231861.0
1413,1,2,11,3,0,Suburban,Unfurnished,10267841.0
3009,3,4,22,1,2,Urban,Semi-Furnished,21253910.0
3261,2,1,33,2,2,Suburban,Semi-Furnished,20538353.0
2072,4,4,22,3,1,Urban,Unfurnished,15571684.0
3079,3,2,19,2,2,Urban,Semi-Furnished,20055688.0
1452,4,5,3,3,2,Urban,Furnished,14169914.0
777,4,5,22,1,1,Urban,Furnished,9742249.0
837,3,2,40,2,0,Urban,Unfurnished,5964215.0
2064,5,5,31,3,0,Suburban,Semi-Furnished,15042600.0
3659,3,4,44,2,3,Rural,Furnished,21175600.0
946,5,5,6,3,1,Suburban,Unfurnished,10717832.0
2095,5,5,0,2,1,Suburban,Furnished,17070694.0
2964,3,2,27,3,2,Suburban,Furnished,18677312.0
1208,4,5,8,2,1,Urban,Semi-Furnished,12894573.0
3025,2,3,29,3,1,Suburban,Furnished,19531284.0
1570,5,5,45,1,2,Suburban,Semi-Furnished,11671018.0
3330,4,5,16,1,2,Urban,Unfurnished,22630883.0
2527,5,4,27,1,2,Urban,Unfurnished,16957646.0
2414,2,2,34,3,0,Rural,Unfurnished,12539338.0
1118,4,3,7,1,1,Suburban,Furnished,9798871.0
2121,3,4,44,1,1,Suburban,Furnished,14191116.0
3498,1,2,10,3,2,Suburban,Unfurnished,20357832.0
568,1,2,40,2,0,Urban,Semi-Furnished,5354184.0
3154,3,3,32,1,0,Suburban,Unfurnished,17903069.0
2224,2,1,7,1,3,Urban,Furnished,16529580.0
3018,1,1,36,1,2,Urban,Unfurnished,18551600.0
2821,3,3,9,3,3,Suburban,Semi-Furnished,19435856.0
2012,4,5,29,2,1,Urban,Unfurnished,15636053.0
1580,2,1,47,3,3,Suburban,Furnished,9642249.0
2695,5,5,47,1,1,Urban,Semi-Furnished,18635032.0
990,4,3,43,2,2,Suburban,Unfurnished,7857885.0
2544,3,3,24,1,0,Suburban,Semi-Furnished,15886493.0
831,5,4,27,2,3,Suburban,Semi-Furnished,9148687.0
2774,3,3,15,2,1,Suburban,Furnished,19427679.0
2700,1,1,46,3,3,Rural,Unfurnished,14898467.0
795,1,1,23,2,1,Suburban,Furnished,5767738.0
3151,5,5,38,3,3,Suburban,Semi-Furnished,21730082.0
1955,5,5,17,2,1,Suburban,Unfurnished,15299212.0
3254,4,5,37,1,0,Urban,Semi-Furnished,21141553.0
645,1,1,11,3,0,Urban,Semi-Furnished,7603206.0
1128,2,3,36,2,2,Urban,Furnished,10143336.0
2228,1,2,2,1,0,Urban,Semi-Furnished,14508633.0
1158,1,2,5,3,1,Urban,Unfurnished,10425242.0
1654,2,2,17,3,2,Urban,Furnished,13687673.0
2812,3,4,24,1,1,Suburban,Semi-Furnished,17923026.0
1005,1,1,35,3,0,Urban,Semi-Furnished,8014783.0
2871,5,4,17,3,2,Rural,Furnished,18660840.0
861,3,2,0,3,2,Urban,Unfurnished,10184291.0
1113,2,3,16,1,2,Suburban,Semi-Furnished,9017185.0
2556,3,2,21,2,3,Urban,Furnished,18642714.0
3277,4,4,27,2,0,Suburban,Semi-Furnished,21005399.0
1097,2,3,32,2,1,Urban,Unfurnished,8556190.0
1549,1,1,12,2,0,Suburban,Unfurnished,9268802.0
3737,1,1,30,2,3,Urban,Semi-Furnished,21355439.0
3963,5,4,31,2,2,Rural,Semi-Furnished,24217920.0
2533,1,1,38,3,0,Urban,Unfurnished,14733053.0
2064,4,3,26,2,2,Suburban,Furnished,15065599.0
1714,2,3,40,1,0,Urban,Furnished,12802492.0
2643,4,3,11,1,1,Suburban,Semi-Furnished,18180247.0
2568,1,2,35,3,2,Suburban,Semi-Furnished,14765788.0
1531,5,5,2,3,2,Urban,Semi-Furnished,15125587.0
579,4,5,5,2,3,Urban,Furnished,11274996.0
1030,3,4,43,1,2,Urban,Unfurnished,10571020.0
3854,2,1,23,3,3,Urban,Semi-Furnished,25026926.0
1963,5,5,31,1,2,Rural,Unfurnished,13478845.0
2188,2,2,30,2,0,Urban,Unfurnished,13884026.0
2134,3,4,34,1,0,Urban,Unfurnished,15489835.0
3239,2,3,12,1,3,Rural,Semi-Furnished,19152185.0
727,2,2,8,3,0,Urban,Semi-Furnished,8632770.0
789,3,3,2,2,1,Urban,Furnished,9419810.0
1465,1,1,43,1,0,Suburban,Semi-Furnished,8371947.0
2203,1,1,11,2,1,Rural,Unfurnished,12465503.0
2848,2,2,28,1,2,Suburban,Semi-Furnished,17521995.0
2217,1,2,22,2,0,Suburban,Furnished,14314006.0
2044,3,3,8,2,1,Rural,Furnished,13273364.0
3782,5,5,20,2,3,Urban,Semi-Furnished,25346101.0
1063,1,1,4,3,0,Rural,Semi-Furnished,8064950.0
2501,1,1,8,1,0,Rural,Unfurnished,15347678.0
2397,1,1,6,1,1,Rural,Unfurnished,13667594.0
2157,3,4,41,2,3,Urban,Semi-Furnished,15074606.0
3326,2,3,28,3,1,Urban,Semi-Furnished,21033963.0
1434,3,3,46,2,2,Suburban,Unfurnished,10303182.0
3838,1,2,21,1,0,Suburban,Furnished,23191381.0
1660,2,2,10,3,2,Suburban,Semi-Furnished,11312977.0
2407,3,4,30,2,0,Rural,Semi-Furnished,14439367.0
2322,3,3,46,1,2,Suburban,Unfurnished,14521552.0
3474,3,2,26,2,0,Urban,Unfurnished,22420005.0
2036,4,4,0,1,3,Urban,Semi-Furnished,16786679.0
1495,3,2,15,3,1,Urban,Semi-Furnished,11514330.0
575,5,4,46,1,0,Urban,Unfurnished,7694838.0
1772,3,4,25,2,1,Urban,Semi-Furnished,14906757.0
3392,2,3,47,2,0,Rural,Furnished,18645586.0
534,2,1,25,1,0,Suburban,Furnished,5315468.0
3636,2,3,0,2,2,Suburban,Unfurnished,22275056.0
2399,3,2,43,1,1,Urban,Semi-Furnished,15377759.0
990,2,1,38,2,1,Suburban,Furnished,8066498.0
1557,5,5,35,3,3,Rural,Unfurnished,11842647.0
2439,3,2,48,3,0,Rural,Unfurnished,13686058.0
1604,5,5,9,1,1,Suburban,Semi-Furnished,14477281.0
880,4,5,45,1,0,Rural,Furnished,6192610.0
2830,2,1,11,2,1,Suburban,Unfurnished,16824582.0
2852,2,1,48,3,1,Suburban,Furnished,16970953.0
916,4,5,9,3,0,Rural,Semi-Furnished,7993181.0
1484,2,2,27,1,0,Urban,Unfurnished,11399996.0
1353,2,2,39,1,3,Urban,Semi-Furnished,10579421.0
2807,5,5,3,1,0,Urban,Furnished,20626627.0
3056,3,3,3,1,3,Suburban,Furnished,20622240.0
3044,1,2,42,2,3,Suburban,Semi-Furnished,17998037.0
3785,3,3,3,3,1,Suburban,Unfurnished,24291277.0
3190,3,2,30,1,1,Urban,Unfurnished,20513199.0
1622,5,5,46,3,3,Urban,Furnished,14997202.0
877,4,5,30,2,3,Rural,Furnished,8504604.0
2651,1,1,24,2,0,Urban,Unfurnished,16373444.0
3706,1,1,20,3,3,Rural,Furnished,20619847.0
3913,4,5,31,1,3,Urban,Furnished,26554787.0
1305,1,1,28,3,0,Suburban,Semi-Furnished,8312813.0
1327,2,1,25,1,0,Suburban,Semi-Furnished,9988276.0
630,1,1,7,2,2,Rural,Furnished,6120528.0
994,1,1,33,3,0,Urban,Furnished,8846787.0
2441,5,5,36,2,2,Rural,Furnished,16648127.0
2413,1,2,35,1,0,Suburban,Semi-Furnished,13941029.0
1798,1,1,3,2,2,Suburban,Furnished,11711813.0
1584,5,5,35,2,0,Suburban,Furnished,12570479.0
3404,1,1,36,1,0,Urban,Semi-Furnished,20191780.0
2110,5,5,9,3,0,Suburban,Furnished,16707620.0
3328,1,1,42,1,0,Urban,Furnished,20194275.0
3871,1,1,26,2,2,Urban,Semi-Furnished,24164131.0
1609,1,1,23,2,0,Suburban,Furnished,9987292.0
1209,4,4,36,1,3,Suburban,Semi-Furnished,9688647.0
3835,4,4,25,3,2,Urban,Semi-Furnished,26662600.0
2721,3,2,27,2,1,Urban,Semi-Furnished,18923887.0
1518,2,1,15,1,3,Urban,Semi-Furnished,11835060.0
2676,1,1,46,2,2,Urban,Unfurnished,16230152.0
2302,3,4,48,2,2,Suburban,Furnished,15268500.0
3669,2,1,6,2,0,Urban,Furnished,23500902.0
1395,3,3,36,3,2,Rural,Furnished,10054878.0
3969,4,3,1,2,2,Urban,Unfurnished,28178295.0
3776,5,5,18,3,3,Urban,Unfurnished,26338030.0
1132,3,3,48,2,1,Rural,Unfurnished,7350219.0
1076,1,2,8,2,2,Urban,Semi-Furnished,8734666.0
2366,2,1,18,1,1,Urban,Semi-Furnished,15633770.0
657,5,4,10,2,0,Rural,Semi-Furnished,7786571.0
1545,3,3,36,1,0,Rural,Furnished,9985621.0
2022,4,4,23,3,3,Suburban,Semi-Furnished,12137020.0
3892,3,4,29,3,2,Urban,Semi-Furnished,25875216.0
3973,1,2,47,3,1,Suburban,Furnished,23967315.0
1030,5,5,26,3,2,Rural,Unfurnished,7528865.0
3620,4,4,36,1,0,Rural,Unfurnished,21607571.0
818,5,5,4,1,0,Urban,Furnished,9003231.0
3120,5,5,10,3,2,Urban,Unfurnished,23510599.0
3459,2,1,47,2,2,Urban,Furnished,21385746.0
3617,2,2,42,1,3,Urban,Unfurnished,20433420.0
1281,2,2,32,1,3,Suburban,Unfurnished,9293496.0
3627,5,4,18,3,1,Urban,Furnished,26145988.0
905,3,2,9,2,3,Urban,Semi-Furnished,10265721.0
2316,3,3,42,1,1,Urban,Furnished,16632579.0
2143,5,5,39,3,3,Suburban,Unfurnished,15390427.0
1605,4,5,12,1,0,Urban,Furnished,13053027.0
577,5,5,29,2,0,Urban,Furnished,9479705.0
3202,5,5,30,1,0,Urban,Furnished,23655228.0
1674,1,1,23,2,3,Rural,Furnished,11060507.0
2815,2,1,46,2,0,Urban,Furnished,16246487.0
1935,4,3,6,3,3,Suburban,Semi-Furnished,13991574.0
1807,5,5,12,2,2,Urban,Semi-Furnished,15484223.0
3602,1,1,4,1,0,Urban,Semi-Furnished,21155317.0
830,2,1,34,1,3,Urban,Furnished,8246933.0
3078,3,3,32,1,0,Urban,Furnished,20590991.0
3113,4,5,49,2,0,Urban,Unfurnished,19431423.0
1829,1,1,27,1,2,Suburban,Furnished,12279790.0
1418,4,3,7,2,1,Suburban,Furnished,12479373.0
518,2,1,22,3,1,Urban,Semi-Furnished,6199889.0
3778,2,3,4,3,0,Urban,Furnished,24774835.0
3817,3,4,33,2,2,Suburban,Semi-Furnished,22028539.0
1343,3,4,33,3,0,Urban,Unfurnished,11036016.0
611,4,5,42,3,0,Urban,Furnished,8502369.0
929,2,1,16,2,2,Urban,Unfurnished,8788923.0
736,5,4,15,3,1,Urban,Semi-Furnished,10327414.0
3408,1,1,3,1,2,Suburban,Semi-Furnished,20607569.0
3621,5,4,20,3,0,Rural,Semi-Furnished,21984159.0
1036,1,2,23,1,2,Rural,Semi-Furnished,6702536.0
3113,4,5,37,3,3,Rural,Furnished,20544022.0
1127,2,1,37,3,1,Urban,Furnished,9508551.0
1785,2,3,7,2,1,Urban,Unfurnished,14039316.0
2597,1,1,14,1,2,Urban,Furnished,17354080.0
3019,4,3,25,2,2,Urban,Unfurnished,20171069.0
3560,1,2,16,2,0,Urban,Semi-Furnished,22478016.0
656,4,5,1,3,2,Urban,Unfurnished,9567542.0
1187,4,4,42,3,0,Suburban,Semi-Furnished,9812703.0
1481,5,5,36,2,2,Urban,Semi-Furnished,13560979.0
1586,4,4,26,3,3,Urban,Semi-Furnished,13924446.0
3993,2,3,15,2,2,Suburban,Semi-Furnished,24008900.0
3220,4,4,42,2,3,Urban,Furnished,21888315.0
1621,5,5,1,3,1,Rural,Semi-Furnished,11802139.0
3901,2,1,22,3,3,Urban,Semi-Furnished,24883227.0
2247,1,1,40,2,3,Suburban,Furnished,14016483.0
2252,5,5,47,2,3,Urban,Unfurnished,17680169.0
2017,1,1,12,3,2,Suburban,Semi-Furnished,12876380.0
1003,3,2,32,3,2,Urban,Furnished,11352369.0
3770,2,3,9,2,2,Urban,Unfurnished,24023185.0
548,1,1,5,1,3,Suburban,Furnished,5452023.0
1109,4,4,17,1,3,Urban,Semi-Furnished,10916221.0
1303,1,1,44,1,1,Urban,Semi-Furnished,7921854.0
1477,4,3,34,2,0,Rural,Semi-Furnished,10723240.0
961,4,5,24,2,0,Urban,Unfurnished,11076947.0
562,1,1,14,3,0,Suburban,Unfurnished,5292922.0
2871,1,1,7,1,0,Suburban,Semi-Furnished,16436938.0
3892,4,5,13,3,0,Urban,Unfurnished,27191287.0
926,3,4,7,2,0,Suburban,Unfurnished,8283997.0
1537,1,1,9,1,3,Urban,Unfurnished,11529082.0
2272,5,5,34,2,0,Suburban,Semi-Furnished,16990481.0
3746,2,2,6,1,2,Urban,Furnished,24900437.0
2929,1,2,2,3,1,Urban,Furnished,21611572.0
3181,5,4,27,3,0,Urban,Semi-Furnished,22310306.0
2533,1,2,14,3,2,Rural,Semi-Furnished,14683678.0
1959,3,3,22,2,3,Suburban,Furnished,13958537.0
1199,5,5,6,2,3,Rural,Furnished,9901903.0
3525,3,3,10,1,3,Suburban,Unfurnished,21924983.0
3314,3,4,22,3,2,Suburban,Unfurnished,21844015.0
587,2,2,34,1,2,Suburban,Unfurnished,5501584.0
3003,1,1,20,1,0,Rural,Furnished,16459816.0
795,3,4,27,1,3,Suburban,Furnished,7582546.0
3086,5,5,26,2,2,Urban,Furnished,22746011.0
3390,1,1,13,1,1,Suburban,Unfurnished,20181970.0
958,5,5,13,1,1,Suburban,Semi-Furnished,10228103.0
2018,3,3,21,2,2,Urban,Unfurnished,15275315.0
933,3,3,1,3,0,Urban,Semi-Furnished,9698730.0
2485,1,2,34,2,3,Urban,Semi-Furnished,17159027.0
3746,4,5,30,3,1,Rural,Semi-Furnished,20396867.0
783,1,1,15,3,0,Urban,Unfurnished,7554592.0
1891,2,3,18,3,1,Rural,Semi-Furnished,13762425.0
3905,4,4,16,2,3,Urban,Semi-Furnished,25310139.0
1553,1,2,32,3,1,Suburban,Unfurnished,9746641.0
962,3,4,37,3,2,Urban,Semi-Furnished,9881862.0
2210,3,3,5,3,3,Rural,Unfurnished,14293192.0
2279,1,1,20,2,0,Suburban,Semi-Furnished,14436262.0
2820,2,2,0,1,3,Urban,Unfurnished,19734716.0
1598,2,3,22,2,1,Urban,Semi-Furnished,12726210.0
3844,4,4,12,3,2,Urban,Semi-Furnished,26706891.0
2323,5,4,16,3,0,Urban,Furnished,18421325.0
1502,5,5,22,2,0,Suburban,Semi-Furnished,14626305.0
3860,1,1,16,1,3,Rural,Furnished,21807943.0
3736,1,1,19,2,3,Suburban,Semi-Furnished,22118897.0
2247,1,1,38,3,3,Suburban,Unfurnished,12257072.0
587,3,2,40,2,2,Urban,Semi-Furnished,6671985.0
2589,1,2,0,2,1,Rural,Semi-Furnished,16145964.0
2443,2,1,18,2,0,Rural,Furnished,13248780.0
1018,5,5,42,1,1,Urban,Unfurnished,8713310.0
2718,5,5,26,1,2,Rural,Semi-Furnished,17666221.0
3442,5,5,10,3,1,Urban,Semi-Furnished,25567921.0
870,2,2,29,1,1,Rural,Furnished,5988667.0
3031,4,3,7,3,0,Rural,Furnished,18970913.0
991,4,5,1,1,1,Suburban,Furnished,9167258.0
3120,1,2,31,2,0,Urban,Unfurnished,19315578.0
1966,3,3,25,2,0,Suburban,Unfurnished,13471093.0
522,3,2,37,3,0,Urban,Furnished,5662187.0
3881,2,1,17,3,2,Suburban,Furnished,24310373.0
1080,4,3,42,2,1,Urban,Unfurnished,10261987.0
2586,4,3,21,2,0,Suburban,Semi-Furnished,17864821.0
1135,3,4,36,3,2,Rural,Furnished,9080468.0
3765,4,3,5,2,0,Urban,Semi-Furnished,25520578.0
3084,4,3,4,1,0,Urban,Furnished,22091305.0
3315,3,4,39,2,0,Suburban,Furnished,21090931.0
2012,2,3,41,1,1,Urban,Semi-Furnished,12654270.0
2135,4,3,47,2,3,Urban,Unfurnished,14426258.0
2720,4,4,16,2,0,Urban,Unfurnished,18728794.0
3246,5,5,1,1,1,Urban,Furnished,23803326.0
3464,1,1,48,1,0,Suburban,Semi-Furnished,18984496.0
562,3,4,30,3,1,Suburban,Unfurnished,6459677.0
2822,5,5,12,2,2,Urban,Unfurnished,21836374.0
882,3,4,38,1,1,Suburban,Unfurnished,8060347.0
1507,5,4,45,3,2,Urban,Furnished,12980730.0
3403,1,1,14,3,3,Urban,Furnished,22422603.0
1376,1,1,38,3,3,Suburban,Furnished,8981718.0
3288,4,3,39,3,2,Urban,Furnished,22230827.0
2120,2,2,25,3,2,Suburban,Furnished,14604254.0
1314,3,2,31,2,3,Rural,Furnished,6831702.0
1669,3,4,13,1,3,Suburban,Semi-Furnished,14651671.0
2357,3,2,46,3,1,Suburban,Semi-Furnished,15102886.0
3178,5,4,49,1,0,Urban,Semi-Furnished,20573608.0
2621,1,1,49,1,0,Urban,Furnished,17293359.0
3766,4,3,36,3,3,Urban,Furnished,24929998.0
3537,5,5,2,3,2,Suburban,Unfurnished,24095164.0
3136,4,4,18,2,1,Rural,Semi-Furnished,19016219.0
2610,2,3,22,3,1,Urban,Furnished,19568394.0
1514,1,1,47,3,1,Urban,Unfurnished,10114311.0
1944,4,4,27,3,3,Urban,Unfurnished,15768439.0
916,3,3,26,1,2,Suburban,Unfurnished,8615848.0
1809,1,1,7,2,3,Suburban,Furnished,13141398.0
3742,2,3,39,1,1,Suburban,Semi-Furnished,21655356.0
1990,5,4,16,3,1,Rural,Unfurnished,14525274.0
898,2,2,4,1,0,Urban,Unfurnished,10386538.0
2781,1,2,49,3,3,Suburban,Furnished,17018387.0
3869,4,5,9,1,2,Suburban,Unfurnished,24805532.0
3536,1,1,0,2,2,Urban,Semi-Furnished,22806639.0
1459,5,5,3,1,1,Rural,Semi-Furnished,12599101.0
2088,5,5,22,3,1,Urban,Semi-Furnished,16728162.0
2358,5,5,5,2,3,Suburban,Unfurnished,17611778.0
1367,5,5,42,3,1,Suburban,Furnished,10672190.0
1440,2,1,25,1,2,Rural,Semi-Furnished,7804292.0
1328,2,2,16,2,0,Suburban,Unfurnished,8943140.0
3981,2,1,0,3,1,Urban,Semi-Furnished,25322044.0
3111,3,2,23,3,3,Rural,Furnished,20260558.0
3442,5,5,7,1,0,Suburban,Furnished,23558595.0
3357,4,3,48,2,0,Suburban,Semi-Furnished,19497945.0
3857,4,4,14,2,3,Suburban,Unfurnished,24076814.0
868,5,5,23,2,1,Urban,Semi-Furnished,11550924.0
3585,4,4,0,2,1,Suburban,Unfurnished,24010627.0
732,2,3,6,1,2,Rural,Semi-Furnished,6236105.0
2163,3,4,10,3,0,Urban,Semi-Furnished,16327831.0
2580,3,3,2,1,0,Suburban,Furnished,18263453.0
1752,1,1,36,1,0,Rural,Semi-Furnished,8335071.0
1011,4,5,47,3,0,Suburban,Furnished,9376621.0
1173,4,3,49,3,0,Rural,Unfurnished,9015461.0
3386,4,4,13,2,2,Urban,Furnished,24045949.0
1615,3,3,39,3,1,Rural,Unfurnished,9350073.0
1586,4,3,25,2,0,Urban,Furnished,13669458.0
3731,5,5,2,2,0,Suburban,Semi-Furnished,24362194.0
1003,3,2,4,1,1,Suburban,Furnished,8149719.0
3703,3,2,27,1,3,Suburban,Furnished,23291325.0
3723,1,1,21,2,1,Rural,Unfurnished,20687084.0
2594,4,3,0,2,0,Suburban,Furnished,17981165.0
1079,5,5,46,3,0,Suburban,Semi-Furnished,9276735.0
1045,4,3,36,2,1,Urban,Unfurnished,9080904.0
1496,5,5,25,3,0,Suburban,Semi-Furnished,12339245.0
2520,5,5,49,2,3,Suburban,Furnished,17365342.0
1037,4,3,48,1,3,Urban,Semi-Furnished,9144677.0
2094,3,4,48,3,1,Suburban,Semi-Furnished,15193318.0
904,1,2,12,2,3,Rural,Furnished,7277345.0
2390,1,2,44,2,1,Suburban,Furnished,14718677.0
574,2,1,25,2,0,Suburban,Semi-Furnished,5688180.0
2981,3,4,36,1,3,Urban,Semi-Furnished,20820925.0
693,4,5,42,2,3,Suburban,Furnished,7814423.0
1181,3,4,8,2,1,Urban,Semi-Furnished,11831987.0
1111,1,1,22,2,2,Urban,Semi-Furnished,9118879.0
3408,2,3,6,1,0,Suburban,Furnished,21548525.0
686,5,4,13,2,2,Urban,Semi-Furnished,10151384.0
2002,5,5,20,2,2,Urban,Unfurnished,16242538.0
2569,2,2,42,2,2,Suburban,Semi-Furnished,14658291.0
2305,5,5,43,1,2,Urban,Semi-Furnished,17503366.0
2882,4,4,19,2,2,Urban,Unfurnished,20278411.0
3310,5,4,16,1,2,Urban,Semi-Furnished,21948739.0
1877,5,5,26,2,3,Suburban,Furnished,15575763.0
3398,4,5,45,1,0,Urban,Semi-Furnished,22850339.0
1612,2,2,48,2,1,Suburban,Semi-Furnished,11952250.0
3945,4,3,11,3,1,Suburban,Semi-Furnished,24615162.0
2265,2,3,9,3,2,Urban,Furnished,16915902.0
3076,2,1,35,3,0,Rural,Furnished,16283605.0
3562,4,4,15,3,1,Urban,Semi-Furnished,24503449.0
3274,3,3,9,1,3,Suburban,Unfurnished,20991423.0
3478,3,3,1,2,0,Urban,Unfurnished,22442693.0
2377,2,3,20,2,2,Suburban,Unfurnished,15237949.0
652,3,3,19,3,2,Urban,Furnished,7570334.0
2225,1,2,28,2,1,Rural,Semi-Furnished,13118464.0
1135,4,3,10,3,0,Urban,Semi-Furnished,10852525.0
3611,3,4,35,1,0,Suburban,Semi-Furnished,21607941.0
1328,5,5,34,1,1,Urban,Semi-Furnished,11416915.0
1298,3,2,23,1,0,Urban,Semi-Furnished,10316952.0
1372,3,2,9,2,0,Urban,Furnished,11933686.0
2748,1,2,25,2,0,Suburban,Unfurnished,15966696.0
2499,1,1,33,1,0,Suburban,Unfurnished,14255613.0
3820,2,2,18,3,3,Rural,Furnished,23491353.0
1956,2,1,13,3,2,Suburban,Semi-Furnished,13809098.0
1487,2,2,25,2,0,Rural,Semi-Furnished,9590915.0
672,2,3,17,1,2,Urban,Unfurnished,8731673.0
524,4,3,20,3,0,Suburban,Unfurnished,6663596.0
1807,1,1,17,3,1,Suburban,Semi-Furnished,11735705.0
3740,2,2,15,1,0,Suburban,Unfurnished,22409378.0
2333,1,2,35,1,0,Rural,Unfurnished,12837707.0
3627,2,1,23,2,0,Suburban,Unfurnished,21169396.0
855,4,4,23,2,1,Rural,Furnished,6652761.0
826,1,2,32,1,1,Suburban,Unfurnished,5186178.0
3417,2,1,18,3,1,Urban,Semi-Furnished,21606002.0
873,1,2,5,2,2,Suburban,Furnished,8560335.0
681,5,5,42,2,2,Suburban,Unfurnished,7556258.0
1914,4,5,2,1,2,Rural,Unfurnished,14398608.0
3736,2,2,28,3,2,Rural,Semi-Furnished,22047866.0
2912,1,2,13,1,2,Urban,Semi-Furnished,19946819.0
846,1,2,10,3,1,Urban,Semi-Furnished,9453078.0
3429,3,4,2,2,0,Urban,Furnished,22944904.0
3452,4,4,45,3,1,Suburban,Unfurnished,21473245.0
3302,3,3,21,1,0,Urban,Furnished,21440130.0
3659,5,5,17,1,3,Suburban,Semi-Furnished,23117454.0
1339,2,1,37,3,1,Suburban,Furnished,9176570.0
3928,2,3,1,3,3,Rural,Unfurnished,24217916.0
1622,3,4,28,2,3,Urban,Unfurnished,13696919.0
3307,2,2,24,1,1,Suburban,Semi-Furnished,21068867.0
2527,5,4,27,3,3,Urban,Semi-Furnished,19519461.0
3228,1,1,6,2,1,Rural,Unfurnished,19569062.0
2697,3,3,47,3,0,Urban,Unfurnished,17643665.0
2748,3,3,11,3,0,Urban,Unfurnished,19060336.0
2656,1,2,33,3,0,Urban,Furnished,16450627.0
3226,3,4,37,3,3,Rural,Semi-Furnished,20157594.0
3086,3,4,17,3,1,Urban,Unfurnished,20760712.0
970,2,3,6,2,1,Suburban,Furnished,8511067.0
3391,1,2,14,1,1,Suburban,Unfurnished,20640061.0
2376,1,1,40,2,1,Suburban,Furnished,14895956.0
1630,1,1,45,3,3,Urban,Unfurnished,12093436.0
2299,3,3,46,3,3,Urban,Semi-Furnished,16191266.0
3884,1,1,11,2,0,Urban,Unfurnished,23336117.0
3501,5,5,30,3,2,Urban,Unfurnished,24093302.0
3417,2,2,7,1,1,Suburban,Furnished,21721163.0
2119,4,4,35,2,0,Urban,Semi-Furnished,16841295.0
3244,4,3,20,2,3,Urban,Unfurnished,22446503.0
1847,3,4,35,3,0,Urban,Furnished,15851824.0
2901,5,5,34,1,0,Suburban,Unfurnished,19403236.0
2738,1,1,49,1,0,Urban,Furnished,16388240.0
1374,2,2,24,2,1,Suburban,Semi-Furnished,10364898.0
1432,2,1,17,1,2,Urban,Semi-Furnished,12565558.0
713,1,1,26,2,1,Rural,Unfurnished,5476402.0
989,2,3,8,2,0,Suburban,Unfurnished,8953624.0
2017,2,2,5,3,0,Urban,Semi-Furnished,15071372.0
2172,4,3,25,3,3,Urban,Furnished,17117715.0
1077,2,2,41,1,3,Urban,Semi-Furnished,9608649.0
1959,5,4,26,1,3,Urban,Semi-Furnished,17288582.0
2614,4,4,39,1,2,Urban,Unfurnished,18451438.0
1313,5,5,8,1,2,Rural,Unfurnished,10985772.0
1683,1,1,22,3,3,Suburban,Semi-Furnished,11417578.0
1786,5,5,30,1,2,Urban,Unfurnished,14627676.0
2267,4,3,17,1,1,Suburban,Furnished,15829906.0
1782,5,5,0,3,1,Urban,Furnished,16771198.0
3079,2,3,3,3,1,Rural,Furnished,20218470.0
1646,5,4,46,1,0,Urban,Unfurnished,12661400.0
2018,3,3,30,1,0,Suburban,Furnished,13610428.0
1828,1,1,13,2,2,Suburban,Semi-Furnished,11444836.0
1140,3,2,12,2,3,Urban,Unfurnished,11329642.0
2900,1,2,1,3,0,Urban,Unfurnished,20041675.0
1324,5,5,47,2,0,Urban,Unfurnished,12736948.0
1539,2,1,5,1,0,Rural,Furnished,9900155.0
3274,2,1,37,2,3,Suburban,Semi-Furnished,19751848.0
3821,3,2,12,2,1,Suburban,Semi-Furnished,23221715.0
2847,3,3,16,2,1,Suburban,Unfurnished,18494013.0
3707,1,1,13,2,0,Rural,Semi-Furnished,20401176.0
3489,5,4,41,3,3,Suburban,Semi-Furnished,22648585.0
2183,5,5,1,3,1,Suburban,Furnished,17523028.0
3196,4,3,17,1,3,Suburban,Furnished,21530546.0
1649,4,5,13,2,2,Urban,Semi-Furnished,14613893.0
2111,3,4,13,3,0,Rural,Furnished,13942452.0
2374,3,4,9,2,3,Urban,Semi-Furnished,19444953.0
3861,3,2,45,2,2,Urban,Unfurnished,25499583.0
3469,1,2,18,1,2,Rural,Semi-Furnished,18485743.0
2212,1,2,20,1,0,Urban,Semi-Furnished,13900770.0
2784,2,1,19,3,3,Urban,Furnished,18591793.0
1208,3,4,49,3,3,Urban,Semi-Furnished,10894298.0
3315,1,1,16,3,1,Suburban,Semi-Furnished,20265046.0
2435,1,2,17,1,0,Rural,Furnished,14310877.0
2364,5,5,16,1,3,Urban,Furnished,19343222.0
3181,2,3,16,1,3,Urban,Unfurnished,21391455.0
2715,3,2,4,2,2,Suburban,Unfurnished,17293540.0
753,3,3,30,2,2,Rural,Semi-Furnished,5894714.0
1508,4,3,1,3,0,Urban,Unfurnished,13332534.0
1118,4,3,11,3,0,Rural,Furnished,8009649.0
3072,2,1,10,1,3,Rural,Furnished,17401483.0
623,5,5,14,3,1,Urban,Unfurnished,8724504.0
1208,2,1,37,1,1,Rural,Furnished,7671476.0
2591,5,5,29,1,2,Suburban,Semi-Furnished,18249948.0
2931,3,3,49,2,0,Suburban,Furnished,18263943.0
2261,1,2,17,1,0,Urban,Furnished,14204442.0
3512,4,5,46,2,0,Rural,Semi-Furnished,19373903.0
3716,1,1,2,2,1,Suburban,Semi-Furnished,22497451.0
962,4,3,25,1,1,Suburban,Unfurnished,6282331.0
3833,1,1,39,2,0,Rural,Unfurnished,20483841.0
2650,2,2,26,2,1,Suburban,Semi-Furnished,15073678.0
2726,4,3,46,3,1,Rural,Semi-Furnished,16715541.0
832,5,5,15,1,2,Rural,Furnished,7949391.0
2676,3,3,1,1,2,Urban,Furnished,20484433.0
3040,1,2,38,2,3,Urban,Furnished,21893713.0
2532,2,1,3,1,3,Urban,Unfurnished,15910176.0
795,5,5,38,3,1,Rural,Furnished,8200764.0
2331,4,3,36,1,3,Urban,Semi-Furnished,15735486.0
3775,1,1,42,2,2,Suburban,Unfurnished,21158738.0
3031,2,2,23,3,0,Urban,Unfurnished,19251459.0
980,2,3,44,1,1,Urban,Semi-Furnished,8546848.0
3859,1,1,8,1,2,Suburban,Furnished,22318620.0
3856,5,4,21,3,3,Urban,Semi-Furnished,27062579.0
1092,4,4,6,2,1,Rural,Semi-Furnished,8134550.0
3303,1,1,38,1,0,Urban,Furnished,20744746.0
1923,4,3,35,1,0,Rural,Unfurnished,11168125.0
2577,3,2,40,3,0,Urban,Unfurnished,15858517.0
2058,1,1,38,3,2,Rural,Furnished,12818056.0
3239,3,3,15,2,2,Suburban,Furnished,21020660.0
3988,1,1,3,2,1,Urban,Furnished,26397945.0
3282,2,2,46,3,2,Urban,Unfurnished,21191349.0
3759,5,5,24,1,3,Urban,Furnished,25638098.0
3811,4,3,4,1,3,Suburban,Unfurnished,24157707.0
815,1,2,46,3,0,Rural,Unfurnished,4252727.0
1386,5,5,49,1,2,Urban,Semi-Furnished,13480612.0
3026,3,2,22,3,3,Urban,Semi-Furnished,21071462.0
2565,5,4,38,2,3,Suburban,Unfurnished,17551405.0
675,4,3,1,3,1,Suburban,Unfurnished,7795084.0
832,2,1,4,1,1,Suburban,Furnished,7501010.0
2321,3,3,13,3,3,Suburban,Furnished,17677414.0
2656,3,2,32,1,0,Suburban,Semi-Furnished,16173794.0
1087,4,3,6,1,2,Rural,Furnished,8935902.0
1099,2,2,1,3,0,Urban,Furnished,10374645.0
952,2,3,33,2,3,Urban,Unfurnished,8627764.0
2477,2,1,38,3,0,Urban,Semi-Furnished,15008933.0
527,2,3,36,1,0,Suburban,Semi-Furnished,4335137.0
2503,1,1,39,1,1,Urban,Furnished,16949494.0
2165,1,2,40,2,0,Rural,Furnished,11723381.0
2130,5,4,30,3,1,Suburban,Furnished,16329088.0
2877,1,1,25,2,1,Suburban,Semi-Furnished,15130270.0
2329,5,5,42,3,1,Suburban,Furnished,17148618.0
3047,1,1,17,3,2,Urban,Semi-Furnished,19616453.0
3173,4,5,4,3,2,Rural,Furnished,20752592.0
3720,2,2,37,2,3,Urban,Semi-Furnished,23395672.0
3297,3,3,13,3,1,Suburban,Semi-Furnished,20702322.0
2311,2,2,48,2,2,Rural,Furnished,11700488.0
2222,3,3,20,3,2,Suburban,Semi-Furnished,16079974.0
1324,3,2,42,2,0,Rural,Furnished,8394912.0
2598,3,4,2,2,2,Urban,Furnished,19569840.0
986,2,2,32,2,3,Rural,Unfurnished,5750870.0
3759,3,4,22,2,1,Suburban,Unfurnished,21927900.0
3457,5,5,23,3,0,Suburban,Semi-Furnished,22868125.0
919,3,3,13,3,1,Urban,Unfurnished,10813209.0
3250,2,2,48,2,1,Urban,Semi-Furnished,20142217.0
909,1,2,19,1,2,Suburban,Furnished,6563867.0
3024,2,3,42,2,3,Urban,Unfurnished,19632382.0
806,1,2,21,1,2,Suburban,Semi-Furnished,6538860.0
2208,1,1,2,1,0,Rural,Semi-Furnished,13196431.0
2802,5,5,43,1,1,Rural,Semi-Furnished,17690113.0
3050,1,1,9,2,2,Urban,Furnished,18104924.0
1965,3,3,13,3,1,Rural,Unfurnished,13004670.0
3725,5,5,43,2,2,Urban,Semi-Furnished,24262564.0
3210,5,4,44,2,2,Suburban,Semi-Furnished,19656790.0
1228,1,2,45,1,1,Rural,Furnished,6728669.0
2849,1,1,21,3,2,Urban,Unfurnished,18547480.0
3056,2,2,37,1,1,Urban,Furnished,18397686.0
1667,3,3,16,3,0,Urban,Furnished,14391603.0
3083,5,5,37,3,1,Suburban,Unfurnished,20730937.0
3644,2,2,25,3,1,Rural,Furnished,20916683.0
3359,1,1,2,1,0,Urban,Semi-Furnished,20469463.0
3168,2,2,20,1,3,Urban,Unfurnished,19828035.0
2720,5,5,23,1,2,Suburban,Unfurnished,19377152.0
1446,1,1,12,3,0,Urban,Semi-Furnished,10081344.0
3283,2,3,18,1,3,Suburban,Unfurnished,20926729.0
1774,1,1,25,3,3,Rural,Unfurnished,10134161.0
2362,1,1,2,1,0,Suburban,Unfurnished,14225316.0
1600,5,5,7,1,0,Rural,Furnished,11209339.0
1595,1,2,38,1,1,Suburban,Unfurnished,9461298.0
1051,2,1,17,3,2,Rural,Furnished,8029710.0
3864,5,5,30,2,2,Urban,Unfurnished,24907313.0
1017,4,3,28,2,1,Urban,Furnished,10887445.0
801,1,1,27,2,2,Suburban,Furnished,6632509.0
3776,3,4,20,2,0,Urban,Furnished,24394571.0
2442,5,4,24,2,2,Rural,Semi-Furnished,16756671.0
2032,3,4,41,2,3,Suburban,Furnished,12859820.0
3081,3,4,48,1,2,Rural,Furnished,18253877.0
1841,3,4,12,1,1,Urban,Semi-Furnished,15886805.0
947,4,5,33,2,1,Suburban,Unfurnished,9657360.0
3053,1,2,48,1,3,Suburban,Semi-Furnished,17808465.0
1115,5,4,0,2,0,Urban,Semi-Furnished,11946823.0
2435,5,5,39,1,1,Suburban,Semi-Furnished,16251938.0
3821,1,1,24,3,0,Suburban,Semi-Furnished,21557152.0
3776,5,4,48,1,3,Rural,Semi-Furnished,22675865.0
1762,5,4,28,1,1,Suburban,Semi-Furnished,12717329.0
3231,4,4,41,2,3,Urban,Furnished,22866397.0
2644,2,3,8,1,2,Suburban,Furnished,19132012.0
2177,3,2,7,2,2,Suburban,Unfurnished,14832082.0
989,5,5,46,1,2,Urban,Semi-Furnished,9511724.0
1817,1,1,26,1,0,Urban,Furnished,11627079.0
2781,5,5,27,3,2,Urban,Furnished,21689796.0
3953,5,5,8,3,2,Urban,Unfurnished,27213778.0
517,4,4,11,1,3,Suburban,Furnished,8407182.0
3012,2,2,40,3,2,Urban,Furnished,19418856.0
3462,3,4,15,3,3,Suburban,Unfurnished,22858836.0
3829,1,1,29,2,3,Urban,Semi-Furnished,23304991.0
1983,5,5,15,2,2,Suburban,Semi-Furnished,15073847.0
914,2,1,13,3,1,Urban,Unfurnished,8377101.0
1448,1,1,8,2,0,Rural,Furnished,8121662.0
3476,4,3,46,2,1,Urban,Semi-Furnished,23737752.0
3572,4,3,47,2,3,Suburban,Unfurnished,21581933.0
2729,4,3,5,3,0,Urban,Semi-Furnished,20306960.0
929,1,2,17,3,1,Urban,Furnished,8769992.0
926,4,3,28,1,2,Suburban,Unfurnished,7418851.0
2173,4,4,19,2,0,Rural,Unfurnished,13630884.0
2558,4,5,36,3,3,Rural,Furnished,17762435.0
613,5,5,13,1,2,Urban,Furnished,9638088.0
2901,2,2,2,3,0,Urban,Unfurnished,18845828.0
2405,2,1,16,3,0,Suburban,Furnished,15544825.0
543,5,5,29,3,2,Suburban,Unfurnished,7837916.0
834,3,2,9,1,3,Urban,Furnished,10961794.0
2090,3,4,40,2,3,Suburban,Unfurnished,14335625.0
3029,2,3,0,2,3,Suburban,Unfurnished,20121595.0
3388,4,3,3,2,0,Suburban,Semi-Furnished,22376093.0
2009,4,5,25,3,2,Urban,Furnished,15994689.0
1533,1,1,25,2,0,Urban,Semi-Furnished,10282268.0
3889,3,2,14,2,0,Urban,Unfurnished,23634073.0
2104,5,5,12,3,2,Suburban,Unfurnished,15268298.0
1603,2,3,3,3,1,Urban,Furnished,14397422.0
2048,2,1,33,3,2,Suburban,Semi-Furnished,13277635.0
542,5,5,18,2,3,Suburban,Unfurnished,7964047.0
1556,1,2,5,3,0,Suburban,Furnished,9491298.0
2304,2,3,19,1,2,Urban,Unfurnished,17574634.0
3714,3,2,46,2,3,Urban,Furnished,23046810.0
3083,4,3,13,2,1,Suburban,Unfurnished,21292869.0
3234,1,2,44,1,2,Suburban,Furnished,17732331.0
2407,3,4,12,2,1,Rural,Furnished,15157719.0
887,1,2,9,2,3,Urban,Semi-Furnished,7575405.0
1868,4,4,13,2,0,Rural,Semi-Furnished,12972087.0
3989,4,3,16,1,3,Urban,Furnished,25901920.0
654,3,4,6,1,3,Urban,Semi-Furnished,8479700.0
3577,2,1,29,1,3,Urban,Furnished,21714640.0
2895,1,1,16,2,1,Suburban,Unfurnished,17518149.0
1493,5,5,35,1,2,Urban,Furnished,14306625.0
3222,4,4,24,2,1,Urban,Semi-Furnished,23362824.0
3429,2,1,22,3,1,Suburban,Unfurnished,19640805.0
651,3,2,23,3,3,Suburban,Furnished,7583374.0
872,4,4,7,1,2,Urban,Furnished,9956865.0
2830,4,5,35,3,2,Urban,Unfurnished,19836473.0
3996,3,3,5,1,0,Suburban,Furnished,24371008.0
583,2,3,36,1,3,Urban,Unfurnished,7136715.0
2829,4,3,49,1,2,Urban,Semi-Furnished,19627715.0
977,4,5,38,1,3,Suburban,Unfurnished,9584147.0
2775,3,4,22,3,0,Urban,Furnished,19160031.0
2681,1,1,15,1,2,Suburban,Furnished,17285128.0
816,3,4,43,3,2,Urban,Unfurnished,8587340.0
2882,4,4,12,2,2,Urban,Unfurnished,20439182.0
3639,5,5,24,1,0,Urban,Unfurnished,23766842.0
3522,3,4,38,2,1,Urban,Furnished,22722445.0
601,2,3,46,1,1,Urban,Semi-Furnished,7634820.0
1360,3,4,46,2,2,Urban,Semi-Furnished,11677188.0
1342,1,1,4,2,0,Rural,Semi-Furnished,8320628.0
2086,1,2,44,2,1,Rural,Furnished,11353627.0
1000,4,3,5,1,2,Urban,Semi-Furnished,12657185.0
3490,5,5,29,3,0,Suburban,Semi-Furnished,23586507.0
3218,5,5,46,2,3,Suburban,Furnished,20988857.0
3329,3,3,32,1,2,Rural,Semi-Furnished,19019269.0
1193,1,2,47,2,0,Urban,Furnished,8918629.0
551,5,5,17,1,0,Urban,Furnished,9202310.0
3687,3,2,15,3,3,Urban,Furnished,24306542.0
1511,2,1,16,3,1,Urban,Semi-Furnished,12264372.0
2796,5,4,17,1,3,Urban,Furnished,22150662.0
3683,4,5,34,3,1,Rural,Semi-Furnished,21202060.0
626,4,4,22,3,1,Rural,Semi-Furnished,5555497.0
519,2,3,36,2,1,Urban,Unfurnished,5880589.0
519,5,5,20,1,2,Suburban,Furnished,7663043.0
1047,3,4,15,3,0,Urban,Semi-Furnished,12058326.0
680,3,2,9,3,1,Suburban,Furnished,8332196.0
3369,4,3,27,3,1,Suburban,Semi-Furnished,21994826.0
2620,4,4,44,3,0,Urban,Semi-Furnished,18038944.0
3930,1,1,42,3,1,Rural,Unfurnished,20225581.0
3305,2,3,12,3,2,Rural,Semi-Furnished,18729806.0
3871,2,1,23,1,2,Suburban,Unfurnished,22791418.0
1334,5,5,35,2,0,Suburban,Furnished,11765538.0
1507,4,3,30,1,3,Suburban,Furnished,12876598.0
3472,2,1,3,1,3,Urban,Furnished,22891819.0
1357,4,3,29,3,2,Urban,Semi-Furnished,12222155.0
700,4,3,1,3,3,Suburban,Furnished,9274032.0
2841,2,2,5,2,1,Urban,Furnished,20352528.0
3303,3,3,32,3,3,Rural,Furnished,18976449.0
3888,5,5,5,1,2,Urban,Unfurnished,27177839.0
3747,3,3,16,1,2,Urban,Unfurnished,24130053.0
920,1,2,29,3,0,Urban,Furnished,7717954.0
3202,4,5,32,2,2,Rural,Unfurnished,17971176.0
3461,3,3,22,2,3,Urban,Furnished,23401668.0
2943,3,3,4,2,3,Urban,Semi-Furnished,22096999.0
3369,4,5,39,1,1,Urban,Furnished,23976079.0
3432,5,5,47,3,0,Suburban,Semi-Furnished,21990163.0
2062,2,1,44,3,2,Rural,Unfurnished,12635804.0
640,3,4,37,3,0,Urban,Unfurnished,7442941.0
2096,1,1,20,2,0,Rural,Semi-Furnished,12226512.0
1206,4,4,43,2,2,Urban,Semi-Furnished,10850338.0
898,3,3,24,3,3,Suburban,Unfurnished,7969381.0
937,2,2,6,2,1,Urban,Furnished,9318144.0
2940,4,3,42,2,1,Suburban,Semi-Furnished,16955630.0
2265,3,4,16,1,1,Suburban,Furnished,16768965.0
2389,3,2,46,2,1,Suburban,Unfurnished,13943657.0
3108,3,2,18,2,0,Urban,Semi-Furnished,19930593.0
2418,2,3,43,2,2,Rural,Semi-Furnished,13042620.0
2705,1,2,26,1,2,Rural,Semi-Furnished,14932948.0
801,5,4,23,1,1,Suburban,Furnished,10044645.0
3478,1,2,14,3,1,Suburban,Furnished,22671245.0
2070,2,3,41,2,3,Suburban,Unfurnished,12086393.0
1043,4,3,3,2,0,Urban,Furnished,11080486.0
3346,1,1,23,2,0,Rural,Furnished,17580150.0
3071,4,4,18,2,0,Urban,Furnished,22341036.0
685,4,3,27,3,3,Suburban,Unfurnished,7717615.0
1175,4,3,12,1,1,Urban,Furnished,11294401.0
555,2,1,33,3,0,Urban,Unfurnished,5921801.0
1447,1,1,19,1,3,Suburban,Semi-Furnished,9565207.0
849,5,5,9,2,0,Suburban,Unfurnished,10289772.0
2984,2,2,9,2,1,Rural,Semi-Furnished,17864672.0
2328,5,4,34,3,0,Rural,Furnished,15774476.0
3930,1,1,13,1,2,Urban,Semi-Furnished,22234158.0
3122,1,1,15,2,2,Urban,Semi-Furnished,19962648.0
2640,4,5,31,1,3,Urban,Furnished,21191248.0
2282,5,4,16,1,1,Suburban,Semi-Furnished,17334690.0
690,5,5,19,3,1,Suburban,Furnished,7740037.0
745,4,4,12,3,3,Rural,Unfurnished,7234602.0
2657,2,3,17,2,3,Suburban,Unfurnished,16300336.0
515,5,5,34,2,0,Urban,Furnished,9695771.0
648,4,3,26,2,2,Suburban,Semi-Furnished,7430595.0
1266,1,1,49,1,3,Suburban,Semi-Furnished,7370743.0
3594,1,1,38,2,2,Suburban,Furnished,20732711.0
2106,5,4,0,1,2,Urban,Semi-Furnished,15746044.0
2983,2,1,18,3,0,Urban,Furnished,18912127.0
1940,4,3,14,2,0,Urban,Furnished,15633511.0
1105,1,1,29,1,0,Urban,Unfurnished,8702973.0
1799,2,1,13,2,0,Suburban,Semi-Furnished,10500880.0
821,2,3,48,3,3,Urban,Unfurnished,7722391.0
3195,2,2,14,1,2,Suburban,Semi-Furnished,20350780.0
1142,4,4,26,3,3,Suburban,Unfurnished,9212383.0
1817,5,5,6,2,1,Rural,Unfurnished,13478828.0
3930,5,4,45,2,3,Urban,Semi-Furnished,25927182.0
2571,4,4,45,3,0,Urban,Semi-Furnished,19134266.0
2104,2,3,39,2,3,Urban,Semi-Furnished,14934705.0
2400,5,5,17,1,0,Urban,Unfurnished,17944880.0
3244,3,3,2,3,0,Urban,Semi-Furnished,22837272.0
1390,3,2,35,1,0,Suburban,Semi-Furnished,8554556.0
2727,4,3,21,2,3,Urban,Furnished,19960782.0
3554,4,3,49,3,1,Urban,Unfurnished,22206792.0
2503,5,4,34,2,1,Urban,Semi-Furnished,18308362.0
2062,3,4,26,3,1,Suburban,Furnished,15416285.0
1007,4,4,49,2,3,Rural,Semi-Furnished,8029313.0
1369,4,4,40,1,1,Suburban,Semi-Furnished,9894722.0
3811,2,3,22,1,0,Suburban,Furnished,22872889.0
2394,2,1,0,2,1,Suburban,Unfurnished,16372109.0
1554,4,3,4,1,1,Suburban,Unfurnished,11458844.0
1964,1,1,22,2,2,Urban,Unfurnished,13544417.0
2523,2,3,28,2,3,Suburban,Semi-Furnished,16224388.0
2381,4,4,1,3,0,Suburban,Furnished,17492096.0
2949,5,5,6,1,3,Urban,Furnished,21473340.0
1401,3,2,35,3,0,Suburban,Unfurnished,10587734.0
2772,2,3,37,2,2,Suburban,Furnished,16927354.0
2049,3,2,1,2,1,Suburban,Unfurnished,14918050.0
3792,4,3,25,2,1,Urban,Unfurnished,23988436.0
1052,3,3,4,1,1,Suburban,Furnished,9242547.0
1019,1,1,36,3,1,Rural,Unfurnished,6347986.0
2115,3,4,41,1,3,Urban,Furnished,16648719.0
2279,3,4,43,1,3,Urban,Semi-Furnished,16531866.0
2918,4,4,29,3,3,Urban,Semi-Furnished,21491405.0
1914,5,4,31,2,1,Urban,Unfurnished,14945813.0
3698,5,4,46,3,2,Rural,Semi-Furnished,22093743.0
2159,4,4,30,2,1,Suburban,Unfurnished,14293663.0
952,2,2,22,1,3,Urban,Semi-Furnished,9853245.0
917,3,4,37,1,2,Urban,Unfurnished,8508011.0
3906,1,1,29,2,1,Rural,Unfurnished,21615809.0
969,5,4,42,1,1,Urban,Unfurnished,9447716.0
3817,5,4,26,3,1,Suburban,Semi-Furnished,24412756.0
1473,5,5,43,1,2,Urban,Semi-Furnished,13605710.0
826,2,1,2,3,2,Urban,Unfurnished,8821905.0
1566,2,3,1,1,1,Suburban,Unfurnished,11199664.0
2651,5,4,4,1,3,Urban,Unfurnished,20164184.0
1997,3,4,27,1,3,Suburban,Semi-Furnished,14805073.0
3249,4,5,35,1,1,Urban,Unfurnished,21205803.0
2638,3,3,10,2,3,Suburban,Unfurnished,17599234.0
1902,3,2,7,1,0,Suburban,Unfurnished,12832601.0
2721,4,5,43,2,3,Suburban,Furnished,19219410.0
3900,5,4,37,2,1,Urban,Semi-Furnished,25495108.0
1941,2,2,32,1,2,Suburban,Unfurnished,13459009.0
1037,5,5,24,1,1,Rural,Unfurnished,8342823.0
1930,2,3,21,1,1,Urban,Unfurnished,13734621.0
3440,3,2,1,1,1,Urban,Furnished,23083278.0
1261,5,5,9,1,2,Rural,Furnished,10090551.0
3821,5,4,44,1,0,Urban,Unfurnished,23483491.0
2559,5,5,16,2,3,Suburban,Unfurnished,18095333.0
2605,2,2,35,1,3,Suburban,Furnished,17206081.0
1609,5,4,35,1,2,Urban,Semi-Furnished,13738612.0
3721,5,5,15,2,2,Suburban,Unfurnished,23984949.0
626,5,4,10,2,2,Suburban,Furnished,9613774.0
1545,1,2,34,1,0,Urban,Unfurnished,11609824.0
1964,4,3,4,1,2,Rural,Furnished,14721568.0
2170,5,4,24,2,0,Urban,Furnished,16556837.0
2159,4,4,44,1,2,Urban,Unfurnished,15260126.0
1017,2,3,35,2,1,Rural,Semi-Furnished,7913015.0
1289,4,4,38,3,2,Urban,Semi-Furnished,12121598.0
833,1,1,4,2,3,Rural,Unfurnished,5724261.0
2503,3,3,9,1,0,Urban,Furnished,18633444.0
1728,4,5,13,3,2,Suburban,Semi-Furnished,14815709.0
2480,3,3,14,1,1,Urban,Semi-Furnished,17305985.0
2564,4,5,9,1,1,Suburban,Unfurnished,17871408.0
2957,2,3,48,1,2,Suburban,Furnished,18514992.0
2414,4,5,8,3,3,Rural,Semi-Furnished,16060599.0
2767,4,5,35,3,0,Rural,Semi-Furnished,17112042.0
2555,4,5,29,2,3,Suburban,Semi-Furnished,17110927.0
2783,2,1,30,2,3,Suburban,Unfurnished,16053094.0
2658,2,3,10,2,2,Suburban,Semi-Furnished,17077430.0
1606,2,3,15,2,2,Rural,Unfurnished,10660184.0
1361,3,2,30,2,1,Suburban,Unfurnished,9381784.0
3256,3,4,14,3,0,Rural,Unfurnished,18927307.0
1699,2,1,34,3,2,Urban,Unfurnished,12260888.0
2422,3,3,1,1,3,Suburban,Semi-Furnished,16196526.0
1189,2,3,3,2,0,Suburban,Furnished,10287962.0
2009,2,1,36,3,2,Urban,Unfurnished,14558771.0
2353,4,4,30,2,2,Urban,Semi-Furnished,17530157.0
2691,5,5,2,1,3,Rural,Furnished,18771346.0
2342,2,2,44,3,1,Urban,Furnished,16209808.0
1762,5,5,0,2,1,Urban,Furnished,14972471.0
3866,3,2,47,2,1,Urban,Unfurnished,23713972.0
2294,1,2,36,2,3,Urban,Furnished,18010120.0
3329,2,3,49,1,3,Suburban,Unfurnished,19249927.0
3078,1,2,47,2,1,Rural,Semi-Furnished,16157212.0
2454,1,1,15,2,3,Rural,Furnished,15126325.0
3602,2,3,37,3,2,Suburban,Semi-Furnished,22767133.0
948,3,3,10,1,1,Suburban,Unfurnished,8962077.0
3723,4,4,23,1,0,Urban,Unfurnished,22525675.0
3475,1,1,12,2,2,Rural,Semi-Furnished,19844379.0
2262,5,5,24,3,2,Urban,Semi-Furnished,20002751.0
3066,2,2,43,2,3,Urban,Furnished,20443909.0
2320,1,1,21,2,2,Rural,Furnished,12670779.0
1440,4,3,4,3,0,Rural,Semi-Furnished,10885281.0
3299,4,5,16,2,2,Urban,Semi-Furnished,22398319.0
1360,4,3,39,1,2,Suburban,Furnished,11539963.0
1600,1,1,26,3,1,Suburban,Unfurnished,9400882.0
2317,1,1,28,2,1,Urban,Semi-Furnished,15200371.0
3430,2,2,21,1,3,Urban,Furnished,21890554.0
1843,3,3,14,2,2,Urban,Unfurnished,14111086.0
2229,5,5,29,3,2,Suburban,Furnished,17946105.0
645,2,1,31,2,1,Urban,Unfurnished,6521420.0
905,1,1,44,2,1,Suburban,Furnished,5904558.0
695,5,5,30,2,2,Urban,Semi-Furnished,8862340.0
752,1,2,49,3,3,Rural,Semi-Furnished,3385209.0
3539,1,1,41,3,2,Suburban,Unfurnished,18971904.0
3446,3,3,3,1,2,Rural,Furnished,21262571.0
3376,3,3,19,2,0,Urban,Unfurnished,22536364.0
694,4,5,19,2,3,Suburban,Semi-Furnished,8171554.0
771,5,5,0,1,0,Rural,Furnished,9438581.0
1482,5,5,9,3,3,Urban,Semi-Furnished,14389150.0
2478,2,3,38,1,1,Urban,Unfurnished,15988992.0
1669,5,4,17,2,3,Urban,Semi-Furnished,14348096.0
2206,4,3,7,1,3,Urban,Furnished,18409733.0
1105,1,2,14,1,3,Urban,Semi-Furnished,11364257.0
3057,5,4,13,3,3,Urban,Semi-Furnished,21408128.0
1598,1,1,8,1,2,Urban,Furnished,12257287.0
732,3,2,5,1,3,Suburban,Furnished,9006746.0
3099,4,4,38,3,0,Urban,Unfurnished,19611938.0
3659,2,1,41,3,0,Urban,Furnished,22778479.0
551,2,2,24,1,2,Suburban,Semi-Furnished,6400231.0
2028,3,4,30,1,3,Urban,Unfurnished,15290360.0
3395,5,5,45,3,3,Urban,Furnished,24314184.0
2971,2,3,42,3,2,Urban,Semi-Furnished,20691832.0
3497,4,3,1,3,2,Urban,Furnished,26143299.0
1953,3,3,47,2,2,Suburban,Unfurnished,12567223.0
1802,1,1,3,1,3,Urban,Semi-Furnished,13232736.0
2982,4,5,1,3,3,Urban,Unfurnished,21627414.0
1037,5,5,20,1,0,Rural,Unfurnished,9056275.0
1337,3,2,37,1,2,Rural,Semi-Furnished,7417157.0
2602,1,1,4,3,1,Urban,Furnished,17823598.0
2839,1,1,14,2,3,Urban,Semi-Furnished,18864683.0
918,3,3,13,1,2,Suburban,Furnished,8536498.0
2279,3,3,19,1,3,Rural,Semi-Furnished,14621674.0
1777,3,2,49,2,1,Rural,Furnished,12350559.0
2256,2,2,16,1,2,Urban,Unfurnished,15606081.0
3854,3,3,10,3,0,Urban,Semi-Furnished,24826016.0
768,2,3,6,2,3,Urban,Furnished,10364332.0
3984,4,5,9,2,0,Rural,Unfurnished,24029509.0
2073,4,5,6,2,1,Rural,Unfurnished,15257135.0
3202,4,3,28,2,3,Urban,Semi-Furnished,22105681.0
1985,1,2,21,2,3,Suburban,Furnished,13283104.0
1588,5,5,24,3,1,Urban,Semi-Furnished,13228993.0
3197,1,1,41,2,1,Suburban,Semi-Furnished,16835586.0
2906,5,5,29,2,0,Rural,Unfurnished,16671211.0
1004,1,2,7,2,3,Suburban,Furnished,9111337.0
2968,3,2,18,1,0,Urban,Unfurnished,18330025.0
3135,1,1,15,3,0,Suburban,Furnished,19745904.0
1857,1,2,41,2,1,Urban,Furnished,12972573.0
3739,4,4,15,3,0,Rural,Semi-Furnished,22386869.0
2743,4,3,6,3,0,Urban,Furnished,19652901.0
1667,1,1,36,3,2,Rural,Semi-Furnished,9823981.0
537,5,5,21,3,2,Urban,Semi-Furnished,8774252.0
2862,2,1,4,3,1,Urban,Furnished,19062635.0
1231,2,3,34,2,3,Urban,Unfurnished,11263045.0
3147,2,3,10,3,2,Urban,Furnished,22092635.0
2337,3,4,43,1,0,Urban,Unfurnished,15562949.0
2133,1,1,41,3,2,Suburban,Unfurnished,12985603.0
1073,3,2,18,1,2,Urban,Semi-Furnished,10175852.0
2990,2,2,27,3,3,Urban,Furnished,20621109.0
1080,1,1,28,1,0,Urban,Unfurnished,7444206.0
1962,2,2,32,2,0,Urban,Furnished,15441679.0
3427,4,5,3,1,1,Rural,Furnished,21459666.0
3721,4,5,16,1,1,Rural,Unfurnished,23378411.0
3961,2,1,8,3,3,Urban,Semi-Furnished,25284992.0
3853,2,3,34,3,2,Suburban,Unfurnished,23290568.0
2445,4,3,3,1,2,Suburban,Furnished,18092956.0
1201,4,4,25,1,2,Rural,Semi-Furnished,9892996.0
3436,5,4,36,3,3,Urban,Unfurnished,22918763.0
3305,5,5,47,3,1,Urban,Unfurnished,23053945.0
3966,5,5,14,1,0,Suburban,Semi-Furnished,26605708.0
2778,5,5,0,2,0,Rural,Unfurnished,18124515.0
995,3,4,36,1,1,Suburban,Furnished,8588294.0
2260,2,1,0,3,2,Suburban,Semi-Furnished,14965587.0
2068,2,2,3,2,1,Urban,Furnished,15536095.0
3450,2,2,49,1,1,Suburban,Unfurnished,20422996.0
1874,4,5,43,1,1,Rural,Unfurnished,11036836.0
1650,4,5,35,2,3,Urban,Unfurnished,13315517.0
780,5,5,41,3,3,Suburban,Unfurnished,9648631.0
3424,1,1,3,1,0,Urban,Furnished,22166984.0
3143,3,3,4,3,0,Suburban,Semi-Furnished,21827859.0
644,2,1,15,2,0,Suburban,Unfurnished,5168493.0
2018,5,5,1,3,3,Suburban,Furnished,17096997.0
2179,2,1,44,3,1,Rural,Semi-Furnished,11488326.0
2142,1,1,2,1,3,Urban,Unfurnished,15208711.0
3716,3,2,27,1,2,Urban,Semi-Furnished,22356332.0
1027,5,4,42,3,2,Urban,Unfurnished,11029868.0
1572,5,4,36,1,1,Urban,Semi-Furnished,13540832.0
1133,1,2,11,1,1,Urban,Semi-Furnished,9666312.0
1354,2,3,23,2,0,Urban,Semi-Furnished,10822545.0
3674,1,2,27,3,2,Urban,Semi-Furnished,22313472.0
3792,2,1,38,3,1,Urban,Unfurnished,23257799.0
656,3,3,21,2,1,Urban,Unfurnished,7036437.0
2712,2,3,14,1,0,Suburban,Furnished,17700727.0
1314,1,1,39,2,3,Urban,Unfurnished,11139916.0
1173,3,2,44,3,3,Suburban,Semi-Furnished,10099465.0
1522,1,1,24,1,1,Rural,Semi-Furnished,7420810.0
1180,2,1,1,2,2,Suburban,Furnished,9475283.0
2215,1,2,25,1,3,Urban,Semi-Furnished,15578016.0
3984,1,1,44,1,2,Urban,Semi-Furnished,23247603.0
2552,3,4,49,1,2,Suburban,Semi-Furnished,15095816.0
3031,5,5,20,3,1,Suburban,Furnished,21440921.0
2226,4,5,7,3,2,Urban,Unfurnished,17903188.0
548,1,2,28,1,2,Urban,Semi-Furnished,7629628.0
794,1,1,41,3,2,Suburban,Semi-Furnished,5696540.0
1441,2,3,47,2,2,Urban,Furnished,12315802.0
1352,4,3,2,3,2,Suburban,Furnished,11403438.0
3442,4,3,14,3,0,Urban,Unfurnished,22228793.0
3452,5,4,23,1,3,Urban,Furnished,24840563.0
3489,2,1,4,3,3,Rural,Unfurnished,21061412.0
2731,1,1,44,2,0,Urban,Unfurnished,15551025.0
2446,1,1,5,1,1,Suburban,Semi-Furnished,15161054.0
2772,1,1,33,1,3,Urban,Unfurnished,16332295.0
1923,1,1,45,3,1,Urban,Semi-Furnished,12557746.0
2845,5,4,34,2,3,Rural,Unfurnished,18409846.0
3280,2,1,38,2,3,Urban,Furnished,20691529.0
3170,5,5,13,1,3,Urban,Semi-Furnished,22994676.0
2648,3,2,41,3,0,Rural,Semi-Furnished,14183743.0
703,3,2,20,1,1,Suburban,Unfurnished,5901749.0
3037,3,2,3,1,2,Suburban,Furnished,21188078.0
1783,5,4,18,2,3,Urban,Unfurnished,15412647.0
3102,1,1,17,3,0,Urban,Furnished,19223785.0
2388,1,2,26,1,1,Suburban,Furnished,14537260.0
3584,3,4,13,1,0,Urban,Semi-Furnished,22443601.0
1684,2,2,23,2,3,Urban,Furnished,12811888.0
3759,3,2,21,1,3,Suburban,Semi-Furnished,23904038.0
3455,4,5,16,2,0,Urban,Unfurnished,23266262.0
1658,3,2,34,1,0,Urban,Unfurnished,13235111.0
2189,2,2,15,1,1,Urban,Furnished,15741057.0
2359,2,2,38,1,3,Urban,Semi-Furnished,15951615.0
3190,4,5,12,3,1,Suburban,Semi-Furnished,21976626.0
2912,2,1,43,3,1,Rural,Furnished,14276589.0
3482,3,3,18,2,1,Urban,Semi-Furnished,23099858.0
1794,3,3,2,2,2,Urban,Semi-Furnished,14924509.0
2266,4,4,7,3,1,Suburban,Unfurnished,17338427.0
2008,4,5,40,1,0,Urban,Furnished,16146876.0
3683,3,4,43,2,3,Suburban,Furnished,22123016.0
1567,2,2,10,3,1,Rural,Unfurnished,10827897.0
2554,2,2,30,3,1,Suburban,Unfurnished,15407180.0
920,3,4,28,1,2,Urban,Furnished,9340883.0
3475,2,2,6,3,2,Rural,Furnished,21027972.0
1844,4,3,22,2,0,Urban,Semi-Furnished,14336861.0
1692,2,2,34,3,0,Rural,Unfurnished,10625326.0
2540,4,3,48,1,0,Suburban,Furnished,16296435.0
2245,4,3,42,2,3,Suburban,Furnished,15717961.0
3467,5,5,4,3,2,Rural,Unfurnished,22998853.0
2359,1,2,11,1,3,Suburban,Unfurnished,15686810.0
2309,4,5,21,3,2,Urban,Unfurnished,18400324.0
867,1,1,7,1,1,Urban,Unfurnished,8857024.0
576,2,2,28,3,2,Suburban,Unfurnished,6021278.0
1894,1,1,0,2,2,Suburban,Furnished,13316156.0
3993,1,2,5,1,1,Urban,Furnished,26006020.0
3710,1,1,2,1,3,Suburban,Furnished,22548373.0
2701,1,2,14,3,3,Suburban,Furnished,17628473.0
2707,5,5,38,1,3,Urban,Unfurnished,20791504.0
1870,1,2,8,2,3,Urban,Semi-Furnished,15399347.0
1121,2,1,49,1,1,Urban,Furnished,8758477.0
529,4,5,13,3,0,Urban,Furnished,8768314.0
1685,5,5,2,2,1,Urban,Furnished,16946221.0
1607,5,5,16,3,2,Urban,Semi-Furnished,15636693.0
1170,1,2,37,1,3,Urban,Semi-Furnished,9649907.0
1407,5,5,5,1,1,Urban,Furnished,13966089.0
586,4,3,3,2,1,Suburban,Unfurnished,7454388.0
2627,1,2,42,2,1,Urban,Furnished,16905204.0
3746,3,4,29,3,3,Rural,Semi-Furnished,21899163.0
2917,5,4,17,3,0,Rural,Semi-Furnished,18703730.0
2068,2,1,37,3,1,Suburban,Semi-Furnished,13004397.0
1970,1,2,42,1,0,Rural,Unfurnished,9691223.0
1576,5,4,17,1,3,Rural,Unfurnished,12272878.0
998,5,5,28,3,1,Urban,Furnished,12521783.0
2594,5,5,0,2,0,Suburban,Semi-Furnished,19527728.0
2482,5,5,15,3,1,Urban,Furnished,19598026.0
525,5,5,29,2,0,Suburban,Semi-Furnished,7604075.0
1954,3,2,9,1,1,Suburban,Semi-Furnished,13600373.0
1473,1,1,49,2,3,Urban,Semi-Furnished,9599578.0
1095,4,5,48,3,2,Urban,Furnished,11714911.0
2960,2,2,12,2,3,Rural,Furnished,18144292.0
2340,3,2,19,1,2,Urban,Furnished,18888484.0
2718,4,3,9,1,3,Urban,Furnished,21328690.0
2997,5,5,25,3,1,Urban,Semi-Furnished,22267205.0
3936,2,2,6,3,3,Suburban,Unfurnished,24231619.0
3309,2,1,19,3,0,Rural,Furnished,18946406.0
2671,4,4,27,1,1,Suburban,Furnished,17291617.0
