property_id,split
demo-00000,fit
demo-00001,fit
demo-00002,fit
demo-00003,fit
demo-00004,fit
demo-00005,fit
demo-00006,fit
demo-00007,fit
demo-00008,calibration
demo-00009,fit
demo-00010,fit
demo-00011,fit
demo-00012,fit
demo-00013,fit
demo-00014,fit
demo-00015,fit
demo-00016,fit
demo-00017,fit
demo-00018,test
demo-00019,fit
demo-00020,fit
demo-00021,fit
demo-00022,fit
demo-00023,fit
demo-00024,calibration
demo-00025,test
demo-00026,fit
demo-00027,fit
demo-00028,fit
demo-00029,test
demo-00030,calibration
demo-00031,fit
demo-00032,calibration
demo-00033,fit
demo-00034,fit
demo-00035,fit
demo-00036,fit
demo-00037,fit
demo-00038,fit
demo-00039,fit
demo-00040,fit
demo-00041,fit
demo-00042,fit
demo-00043,test
demo-00044,test
demo-00045,fit
demo-00046,fit
demo-00047,fit
demo-00048,test
demo-00049,test
demo-00050,fit
demo-00051,test
demo-00052,fit
demo-00053,fit
demo-00054,fit
demo-00055,fit
demo-00056,test
demo-00057,calibration
demo-00058,fit
demo-00059,fit
demo-00060,fit
demo-00061,fit
demo-00062,fit
demo-00063,fit
demo-00064,fit
demo-00065,fit
demo-00066,calibration
demo-00067,test
demo-00068,fit
demo-00069,test
demo-00070,test
demo-00071,fit
demo-00072,fit
demo-00073,test
demo-00074,fit
demo-00075,fit
demo-00076,test
demo-00077,fit
demo-00078,fit
demo-00079,fit
demo-00080,fit
demo-00081,calibration
demo-00082,calibration
demo-00083,fit
demo-00084,test
demo-00085,fit
demo-00086,fit
demo-00087,fit
demo-00088,fit
demo-00089,fit
demo-00090,fit
demo-00091,fit
demo-00092,fit
demo-00093,fit
demo-00094,fit
demo-00095,fit
demo-00096,test
demo-00097,fit
demo-00098,calibration
demo-00099,fit
demo-00100,test
demo-00101,fit
demo-00102,fit
demo-00103,fit
demo-00104,fit
demo-00105,fit
demo-00106,fit
demo-00107,fit
demo-00108,calibration
demo-00109,test
demo-00110,fit
demo-00111,test
demo-00112,fit
demo-00113,fit
demo-00114,fit
demo-00115,fit
demo-00116,fit
demo-00117,fit
demo-00118,test
demo-00119,calibration
demo-00120,fit
demo-00121,fit
demo-00122,fit
demo-00123,fit
demo-00124,test
demo-00125,fit
demo-00126,fit
demo-00127,calibration
demo-00128,test
demo-00129,fit
demo-00130,fit
demo-00131,fit
demo-00132,fit
demo-00133,fit
demo-00134,test
demo-00135,test
demo-00136,calibration
demo-00137,fit
demo-00138,calibration
demo-00139,fit
demo-00140,fit
demo-00141,fit
demo-00142,fit
demo-00143,fit
demo-00144,fit
demo-00145,fit
demo-00146,calibration
demo-00147,fit
demo-00148,fit
demo-00149,test
demo-00150,fit
demo-00151,fit
demo-00152,fit
demo-00153,calibration
demo-00154,fit
demo-00155,fit
demo-00156,calibration
demo-00157,test
demo-00158,fit
demo-00159,fit
demo-00160,calibration
demo-00161,fit
demo-00162,calibration
demo-00163,fit
demo-00164,fit
demo-00165,fit
demo-00166,fit
demo-00167,fit
demo-00168,test
demo-00169,fit
demo-00170,calibration
demo-00171,fit
demo-00172,calibration
demo-00173,test
demo-00174,test
demo-00175,fit
demo-00176,fit
demo-00177,test
demo-00178,test
demo-00179,test
demo-00180,fit
demo-00181,fit
demo-00182,fit
demo-00183,fit
demo-00184,test
demo-00185,calibration
demo-00186,fit
demo-00187,calibration
demo-00188,test
demo-00189,fit
demo-00190,fit
demo-00191,fit
demo-00192,test
demo-00193,fit
demo-00194,fit
demo-00195,fit
demo-00196,test
demo-00197,fit
demo-00198,fit
demo-00199,test
demo-00200,fit
demo-00201,fit
demo-00202,fit
demo-00203,test
demo-00204,calibration
demo-00205,fit
demo-00206,fit
demo-00207,fit
demo-00208,test
demo-00209,fit
demo-00210,test
demo-00211,test
demo-00212,test
demo-00213,fit
demo-00214,fit
demo-00215,fit
demo-00216,fit
demo-00217,fit
demo-00218,test
demo-00219,test
demo-00220,test
demo-00221,fit
demo-00222,fit
demo-00223,calibration
demo-00224,fit
demo-00225,calibration
demo-00226,fit
demo-00227,fit
demo-00228,fit
demo-00229,test
demo-00230,fit
demo-00231,test
demo-00232,calibration
demo-00233,test
demo-00234,fit
demo-00235,fit
demo-00236,fit
demo-00237,test
demo-00238,fit
demo-00239,test
demo-00240,test
demo-00241,fit
demo-00242,calibration
demo-00243,fit
demo-00244,fit
demo-00245,fit
demo-00246,calibration
demo-00247,test
demo-00248,fit
demo-00249,fit
demo-00250,fit
demo-00251,test
demo-00252,test
demo-00253,fit
demo-00254,test
demo-00255,fit
demo-00256,fit
demo-00257,calibration
demo-00258,fit
demo-00259,test
demo-00260,fit
demo-00261,fit
demo-00262,fit
demo-00263,fit
demo-00264,fit
demo-00265,fit
demo-00266,fit
demo-00267,fit
demo-00268,fit
demo-00269,fit
demo-00270,calibration
demo-00271,fit
demo-00272,fit
demo-00273,fit
demo-00274,fit
demo-00275,fit
demo-00276,fit
demo-00277,fit
demo-00278,fit
demo-00279,test
demo-00280,calibration
demo-00281,test
demo-00282,test
demo-00283,fit
demo-00284,fit
demo-00285,calibration
demo-00286,fit
demo-00287,fit
demo-00288,fit
demo-00289,test
demo-00290,test
demo-00291,test
demo-00292,fit
demo-00293,fit
demo-00294,fit
demo-00295,fit
demo-00296,test
demo-00297,fit
demo-00298,test
demo-00299,test
demo-00300,fit
demo-00301,fit
demo-00302,fit
demo-00303,test
demo-00304,fit
demo-00305,fit
demo-00306,fit
demo-00307,test
demo-00308,fit
demo-00309,fit
demo-00310,calibration
demo-00311,fit
demo-00312,fit
demo-00313,fit
demo-00314,fit
demo-00315,fit
demo-00316,fit
demo-00317,fit
demo-00318,fit
demo-00319,fit
demo-00320,fit
demo-00321,test
demo-00322,fit
demo-00323,fit
demo-00324,test
demo-00325,fit
demo-00326,fit
demo-00327,fit
demo-00328,calibration
demo-00329,fit
demo-00330,fit
demo-00331,fit
demo-00332,test
demo-00333,fit
demo-00334,fit
demo-00335,calibration
demo-00336,fit
demo-00337,fit
demo-00338,fit
demo-00339,fit
demo-00340,fit
demo-00341,fit
demo-00342,test
demo-00343,fit
demo-00344,fit
demo-00345,fit
demo-00346,fit
demo-00347,fit
demo-00348,fit
demo-00349,fit
demo-00350,test
demo-00351,fit
demo-00352,fit
demo-00353,test
demo-00354,test
demo-00355,fit
demo-00356,fit
demo-00357,calibration
demo-00358,fit
demo-00359,fit
demo-00360,fit
demo-00361,test
demo-00362,fit
demo-00363,fit
demo-00364,calibration
demo-00365,fit
demo-00366,test
demo-00367,test
demo-00368,test
demo-00369,fit
demo-00370,fit
demo-00371,fit
demo-00372,fit
demo-00373,fit
demo-00374,fit
demo-00375,fit
demo-00376,calibration
demo-00377,fit
demo-00378,fit
demo-00379,fit
demo-00380,calibration
demo-00381,fit
demo-00382,fit
demo-00383,test
demo-00384,calibration
demo-00385,fit
demo-00386,fit
demo-00387,test
demo-00388,fit
demo-00389,fit
demo-00390,fit
demo-00391,calibration
demo-00392,fit
demo-00393,fit
demo-00394,fit
demo-00395,fit
demo-00396,fit
demo-00397,fit
demo-00398,fit
demo-00399,calibration
demo-00400,fit
demo-00401,fit
demo-00402,test
demo-00403,fit
demo-00404,calibration
demo-00405,fit
demo-00406,calibration
demo-00407,test
demo-00408,test
demo-00409,fit
demo-00410,test
demo-00411,fit
demo-00412,fit
demo-00413,fit
demo-00414,test
demo-00415,fit
demo-00416,test
demo-00417,fit
demo-00418,fit
demo-00419,fit
demo-00420,test
demo-00421,fit
demo-00422,test
demo-00423,fit
demo-00424,fit
demo-00425,fit
demo-00426,test
demo-00427,fit
demo-00428,fit
demo-00429,fit
demo-00430,test
demo-00431,fit
demo-00432,test
demo-00433,test
demo-00434,calibration
demo-00435,test
demo-00436,fit
demo-00437,fit
demo-00438,test
demo-00439,fit
demo-00440,test
demo-00441,fit
demo-00442,fit
demo-00443,test
demo-00444,calibration
demo-00445,test
demo-00446,fit
demo-00447,fit
demo-00448,fit
demo-00449,fit
demo-00450,test
demo-00451,calibration
demo-00452,fit
demo-00453,fit
demo-00454,fit
demo-00455,fit
demo-00456,fit
demo-00457,fit
demo-00458,fit
demo-00459,fit
demo-00460,fit
demo-00461,test
demo-00462,calibration
demo-00463,test
demo-00464,test
demo-00465,fit
demo-00466,fit
demo-00467,fit
demo-00468,fit
demo-00469,fit
demo-00470,fit
demo-00471,test
demo-00472,test
demo-00473,fit
demo-00474,fit
demo-00475,fit
demo-00476,fit
demo-00477,fit
demo-00478,test
demo-00479,test
demo-00480,test
demo-00481,fit
demo-00482,test
demo-00483,fit
demo-00484,calibration
demo-00485,test
demo-00486,test
demo-00487,calibration
demo-00488,fit
demo-00489,fit
demo-00490,calibration
demo-00491,fit
demo-00492,fit
demo-00493,calibration
demo-00494,calibration
demo-00495,test
demo-00496,fit
demo-00497,fit
demo-00498,calibration
demo-00499,fit
demo-00500,fit
demo-00501,fit
demo-00502,fit
demo-00503,fit
demo-00504,fit
demo-00505,fit
demo-00506,fit
demo-00507,test
demo-00508,test
demo-00509,test
demo-00510,fit
demo-00511,fit
demo-00512,fit
demo-00513,fit
demo-00514,fit
demo-00515,fit
demo-00516,fit
demo-00517,calibration
demo-00518,test
demo-00519,fit
demo-00520,fit
demo-00521,fit
demo-00522,test
demo-00523,fit
demo-00524,fit
demo-00525,fit
demo-00526,fit
demo-00527,test
demo-00528,test
demo-00529,fit
demo-00530,test
demo-00531,fit
demo-00532,test
demo-00533,fit
demo-00534,fit
demo-00535,calibration
demo-00536,fit
demo-00537,fit
demo-00538,fit
demo-00539,fit
demo-00540,fit
demo-00541,fit
demo-00542,calibration
demo-00543,calibration
demo-00544,test
demo-00545,fit
demo-00546,fit
demo-00547,calibration
demo-00548,fit
demo-00549,fit
demo-00550,fit
demo-00551,fit
demo-00552,fit
demo-00553,fit
demo-00554,test
demo-00555,test
demo-00556,fit
demo-00557,calibration
demo-00558,fit
demo-00559,fit
demo-00560,fit
demo-00561,fit
demo-00562,fit
demo-00563,calibration
demo-00564,test
demo-00565,test
demo-00566,calibration
demo-00567,fit
demo-00568,fit
demo-00569,fit
demo-00570,fit
demo-00571,calibration
demo-00572,fit
demo-00573,fit
demo-00574,fit
demo-00575,test
demo-00576,fit
demo-00577,fit
demo-00578,calibration
demo-00579,calibration
demo-00580,fit
demo-00581,test
demo-00582,fit
demo-00583,fit
demo-00584,fit
demo-00585,fit
demo-00586,calibration
demo-00587,fit
demo-00588,fit
demo-00589,fit
demo-00590,fit
demo-00591,fit
demo-00592,fit
demo-00593,calibration
demo-00594,fit
demo-00595,fit
demo-00596,calibration
demo-00597,fit
demo-00598,fit
demo-00599,fit
demo-00600,fit
demo-00601,fit
demo-00602,test
demo-00603,fit
demo-00604,fit
demo-00605,test
demo-00606,fit
demo-00607,fit
demo-00608,fit
demo-00609,fit
demo-00610,test
demo-00611,test
demo-00612,fit
demo-00613,test
demo-00614,fit
demo-00615,fit
demo-00616,fit
demo-00617,test
demo-00618,test
demo-00619,fit
demo-00620,fit
demo-00621,test
demo-00622,fit
demo-00623,fit
demo-00624,fit
demo-00625,fit
demo-00626,fit
demo-00627,fit
demo-00628,fit
demo-00629,test
demo-00630,fit
demo-00631,fit
demo-00632,test
demo-00633,calibration
demo-00634,fit
demo-00635,fit
demo-00636,calibration
demo-00637,test
demo-00638,fit
demo-00639,fit
demo-00640,fit
demo-00641,fit
demo-00642,test
demo-00643,test
demo-00644,calibration
demo-00645,calibration
demo-00646,fit
demo-00647,fit
demo-00648,fit
demo-00649,test
demo-00650,test
demo-00651,test
demo-00652,fit
demo-00653,calibration
demo-00654,test
demo-00655,fit
demo-00656,calibration
demo-00657,fit
demo-00658,fit
demo-00659,fit
demo-00660,fit
demo-00661,fit
demo-00662,calibration
demo-00663,fit
demo-00664,fit
demo-00665,fit
demo-00666,fit
demo-00667,calibration
demo-00668,test
demo-00669,fit
demo-00670,fit
demo-00671,fit
demo-00672,test
demo-00673,fit
demo-00674,calibration
demo-00675,fit
demo-00676,fit
demo-00677,test
demo-00678,fit
demo-00679,test
demo-00680,fit
demo-00681,fit
demo-00682,fit
demo-00683,fit
demo-00684,fit
demo-00685,test
demo-00686,fit
demo-00687,fit
demo-00688,fit
demo-00689,fit
demo-00690,fit
demo-00691,fit
demo-00692,fit
demo-00693,fit
demo-00694,test
demo-00695,fit
demo-00696,fit
demo-00697,fit
demo-00698,calibration
demo-00699,fit
demo-00700,fit
demo-00701,calibration
demo-00702,fit
demo-00703,fit
demo-00704,fit
demo-00705,fit
demo-00706,fit
demo-00707,test
demo-00708,fit
demo-00709,calibration
demo-00710,fit
demo-00711,fit
demo-00712,fit
demo-00713,fit
demo-00714,fit
demo-00715,calibration
demo-00716,fit
demo-00717,fit
demo-00718,fit
demo-00719,test
demo-00720,fit
demo-00721,fit
demo-00722,fit
demo-00723,fit
demo-00724,fit
demo-00725,fit
demo-00726,fit
demo-00727,calibration
demo-00728,fit
demo-00729,test
demo-00730,fit
demo-00731,fit
demo-00732,calibration
demo-00733,test
demo-00734,calibration
demo-00735,fit
demo-00736,test
demo-00737,fit
demo-00738,fit
demo-00739,fit
demo-00740,fit
demo-00741,fit
demo-00742,test
demo-00743,fit
demo-00744,test
demo-00745,fit
demo-00746,fit
demo-00747,fit
demo-00748,fit
demo-00749,fit
demo-00750,fit
demo-00751,fit
demo-00752,calibration
demo-00753,calibration
demo-00754,fit
demo-00755,fit
demo-00756,test
demo-00757,fit
demo-00758,calibration
demo-00759,test
demo-00760,fit
demo-00761,fit
demo-00762,fit
demo-00763,fit
demo-00764,test
demo-00765,calibration
demo-00766,fit
demo-00767,test
demo-00768,fit
demo-00769,fit
demo-00770,calibration
demo-00771,calibration
demo-00772,fit
demo-00773,fit
demo-00774,fit
demo-00775,fit
demo-00776,fit
demo-00777,fit
demo-00778,fit
demo-00779,fit
demo-00780,calibration
demo-00781,test
demo-00782,test
demo-00783,fit
demo-00784,fit
demo-00785,test
demo-00786,test
demo-00787,test
demo-00788,test
demo-00789,fit
demo-00790,test
demo-00791,calibration
demo-00792,fit
demo-00793,fit
demo-00794,calibration
demo-00795,fit
demo-00796,fit
demo-00797,fit
demo-00798,test
demo-00799,fit
demo-00800,test
demo-00801,fit
demo-00802,fit
demo-00803,fit
demo-00804,fit
demo-00805,calibration
demo-00806,fit
demo-00807,fit
demo-00808,calibration
demo-00809,test
demo-00810,test
demo-00811,fit
demo-00812,calibration
demo-00813,calibration
demo-00814,fit
demo-00815,fit
demo-00816,fit
demo-00817,fit
demo-00818,fit
demo-00819,test
demo-00820,fit
demo-00821,test
demo-00822,fit
demo-00823,fit
demo-00824,calibration
demo-00825,fit
demo-00826,calibration
demo-00827,fit
demo-00828,fit
demo-00829,fit
demo-00830,fit
demo-00831,test
demo-00832,fit
demo-00833,fit
demo-00834,test
demo-00835,fit
demo-00836,calibration
demo-00837,fit
demo-00838,test
demo-00839,fit
demo-00840,test
demo-00841,fit
demo-00842,fit
demo-00843,fit
demo-00844,fit
demo-00845,fit
demo-00846,fit
demo-00847,calibration
demo-00848,fit
demo-00849,fit
demo-00850,fit
demo-00851,fit
demo-00852,fit
demo-00853,fit
demo-00854,calibration
demo-00855,test
demo-00856,test
demo-00857,test
demo-00858,fit
demo-00859,test
demo-00860,calibration
demo-00861,test
demo-00862,fit
demo-00863,fit
demo-00864,fit
demo-00865,fit
demo-00866,fit
demo-00867,fit
demo-00868,fit
demo-00869,test
demo-00870,fit
demo-00871,fit
demo-00872,calibration
demo-00873,test
demo-00874,test
demo-00875,fit
demo-00876,fit
demo-00877,fit
demo-00878,fit
demo-00879,fit
demo-00880,fit
demo-00881,test
demo-00882,calibration
demo-00883,fit
demo-00884,fit
demo-00885,fit
demo-00886,test
demo-00887,fit
demo-00888,fit
demo-00889,test
demo-00890,fit
demo-00891,fit
demo-00892,test
demo-00893,fit
demo-00894,fit
demo-00895,fit
demo-00896,calibration
demo-00897,fit
demo-00898,calibration
demo-00899,calibration
demo-00900,test
demo-00901,fit
demo-00902,fit
demo-00903,fit
demo-00904,fit
demo-00905,calibration
demo-00906,calibration
demo-00907,fit
demo-00908,calibration
demo-00909,fit
demo-00910,calibration
demo-00911,fit
demo-00912,fit
demo-00913,test
demo-00914,fit
demo-00915,fit
demo-00916,fit
demo-00917,fit
demo-00918,calibration
demo-00919,fit
demo-00920,fit
demo-00921,calibration
demo-00922,calibration
demo-00923,fit
demo-00924,fit
demo-00925,fit
demo-00926,test
demo-00927,test
demo-00928,calibration
demo-00929,test
demo-00930,test
demo-00931,fit
demo-00932,test
demo-00933,fit
demo-00934,fit
demo-00935,fit
demo-00936,calibration
demo-00937,test
demo-00938,fit
demo-00939,fit
demo-00940,test
demo-00941,test
demo-00942,test
demo-00943,fit
demo-00944,test
demo-00945,fit
demo-00946,fit
demo-00947,calibration
demo-00948,test
demo-00949,test
demo-00950,fit
demo-00951,calibration
demo-00952,fit
demo-00953,fit
demo-00954,fit
demo-00955,fit
demo-00956,fit
demo-00957,fit
demo-00958,fit
demo-00959,calibration
demo-00960,fit
demo-00961,fit
demo-00962,test
demo-00963,fit
demo-00964,fit
demo-00965,test
demo-00966,fit
demo-00967,fit
demo-00968,calibration
demo-00969,fit
demo-00970,fit
demo-00971,fit
demo-00972,fit
demo-00973,test
demo-00974,test
demo-00975,fit
demo-00976,test
demo-00977,fit
demo-00978,calibration
demo-00979,test
demo-00980,fit
demo-00981,calibration
demo-00982,calibration
demo-00983,fit
demo-00984,calibration
demo-00985,fit
demo-00986,fit
demo-00987,calibration
demo-00988,test
demo-00989,calibration
demo-00990,fit
demo-00991,fit
demo-00992,calibration
demo-00993,test
demo-00994,calibration
demo-00995,fit
demo-00996,fit
demo-00997,fit
demo-00998,test
demo-00999,test
demo-01000,test
demo-01001,test
demo-01002,fit
demo-01003,fit
demo-01004,fit
demo-01005,fit
demo-01006,fit
demo-01007,fit
demo-01008,fit
demo-01009,calibration
demo-01010,test
demo-01011,calibration
demo-01012,fit
demo-01013,fit
demo-01014,test
demo-01015,fit
demo-01016,fit
demo-01017,test
demo-01018,fit
demo-01019,calibration
demo-01020,fit
demo-01021,fit
demo-01022,fit
demo-01023,calibration
demo-01024,calibration
demo-01025,test
demo-01026,fit
demo-01027,fit
demo-01028,fit
demo-01029,calibration
demo-01030,fit
demo-01031,fit
demo-01032,calibration
demo-01033,fit
demo-01034,fit
demo-01035,fit
demo-01036,test
demo-01037,fit
demo-01038,fit
demo-01039,fit
demo-01040,calibration
demo-01041,test
demo-01042,calibration
demo-01043,fit
demo-01044,fit
demo-01045,calibration
demo-01046,fit
demo-01047,fit
demo-01048,calibration
demo-01049,fit
demo-01050,test
demo-01051,fit
demo-01052,fit
demo-01053,fit
demo-01054,fit
demo-01055,test
demo-01056,test
demo-01057,fit
demo-01058,calibration
demo-01059,calibration
demo-01060,fit
demo-01061,fit
demo-01062,fit
demo-01063,fit
demo-01064,test
demo-01065,calibration
demo-01066,fit
demo-01067,fit
demo-01068,test
demo-01069,fit
demo-01070,fit
demo-01071,test
demo-01072,fit
demo-01073,test
demo-01074,calibration
demo-01075,fit
demo-01076,calibration
demo-01077,fit
demo-01078,fit
demo-01079,fit
demo-01080,calibration
demo-01081,fit
demo-01082,fit
demo-01083,fit
demo-01084,fit
demo-01085,test
demo-01086,fit
demo-01087,calibration
demo-01088,fit
demo-01089,fit
demo-01090,calibration
demo-01091,test
demo-01092,fit
demo-01093,fit
demo-01094,fit
demo-01095,fit
demo-01096,fit
demo-01097,fit
demo-01098,fit
demo-01099,fit
demo-01100,calibration
demo-01101,fit
demo-01102,fit
demo-01103,fit
demo-01104,calibration
demo-01105,test
demo-01106,fit
demo-01107,fit
demo-01108,fit
demo-01109,fit
demo-01110,test
demo-01111,calibration
demo-01112,fit
demo-01113,fit
demo-01114,fit
demo-01115,fit
demo-01116,test
demo-01117,test
demo-01118,fit
demo-01119,fit
demo-01120,fit
demo-01121,fit
demo-01122,fit
demo-01123,fit
demo-01124,calibration
demo-01125,fit
demo-01126,fit
demo-01127,test
demo-01128,test
demo-01129,fit
demo-01130,fit
demo-01131,fit
demo-01132,fit
demo-01133,fit
demo-01134,fit
demo-01135,fit
demo-01136,fit
demo-01137,test
demo-01138,test
demo-01139,fit
demo-01140,fit
demo-01141,calibration
demo-01142,fit
demo-01143,fit
demo-01144,fit
demo-01145,calibration
demo-01146,fit
demo-01147,fit
demo-01148,calibration
demo-01149,fit
demo-01150,fit
demo-01151,fit
demo-01152,fit
demo-01153,fit
demo-01154,fit
demo-01155,fit
demo-01156,fit
demo-01157,fit
demo-01158,calibration
demo-01159,test
demo-01160,fit
demo-01161,test
demo-01162,calibration
demo-01163,fit
demo-01164,fit
demo-01165,test
demo-01166,fit
demo-01167,fit
demo-01168,fit
demo-01169,fit
demo-01170,test
demo-01171,calibration
demo-01172,fit
demo-01173,fit
demo-01174,fit
demo-01175,fit
demo-01176,fit
demo-01177,calibration
demo-01178,fit
demo-01179,fit
demo-01180,calibration
demo-01181,fit
demo-01182,fit
demo-01183,fit
demo-01184,calibration
demo-01185,fit
demo-01186,fit
demo-01187,fit
demo-01188,fit
demo-01189,fit
demo-01190,test
demo-01191,fit
demo-01192,fit
demo-01193,fit
demo-01194,test
demo-01195,test
demo-01196,test
demo-01197,calibration
demo-01198,test
demo-01199,test
demo-01200,calibration
demo-01201,fit
demo-01202,calibration
demo-01203,fit
demo-01204,fit
demo-01205,fit
demo-01206,fit
demo-01207,test
demo-01208,fit
demo-01209,fit
demo-01210,test
demo-01211,test
demo-01212,fit
demo-01213,calibration
demo-01214,fit
demo-01215,calibration
demo-01216,calibration
demo-01217,calibration
demo-01218,fit
demo-01219,fit
demo-01220,test
demo-01221,test
demo-01222,fit
demo-01223,test
demo-01224,calibration
demo-01225,test
demo-01226,calibration
demo-01227,fit
demo-01228,fit
demo-01229,fit
demo-01230,fit
demo-01231,fit
demo-01232,fit
demo-01233,fit
demo-01234,fit
demo-01235,fit
demo-01236,fit
demo-01237,test
demo-01238,fit
demo-01239,fit
demo-01240,fit
demo-01241,fit
demo-01242,test
demo-01243,fit
demo-01244,fit
demo-01245,fit
demo-01246,fit
demo-01247,test
demo-01248,fit
demo-01249,test
demo-01250,calibration
demo-01251,fit
demo-01252,fit
demo-01253,fit
demo-01254,fit
demo-01255,calibration
demo-01256,fit
demo-01257,fit
demo-01258,fit
demo-01259,test
demo-01260,calibration
demo-01261,fit
demo-01262,fit
demo-01263,calibration
demo-01264,fit
demo-01265,calibration
demo-01266,test
demo-01267,calibration
demo-01268,calibration
demo-01269,fit
demo-01270,test
demo-01271,fit
demo-01272,fit
demo-01273,calibration
demo-01274,fit
demo-01275,fit
demo-01276,fit
demo-01277,calibration
demo-01278,fit
demo-01279,test
demo-01280,fit
demo-01281,fit
demo-01282,fit
demo-01283,fit
demo-01284,fit
demo-01285,fit
demo-01286,fit
demo-01287,calibration
demo-01288,fit
demo-01289,test
demo-01290,fit
demo-01291,fit
demo-01292,test
demo-01293,fit
demo-01294,fit
demo-01295,fit
demo-01296,fit
demo-01297,fit
demo-01298,fit
demo-01299,fit
demo-01300,calibration
demo-01301,test
demo-01302,test
demo-01303,fit
demo-01304,fit
demo-01305,fit
demo-01306,fit
demo-01307,fit
demo-01308,calibration
demo-01309,fit
demo-01310,test
demo-01311,test
demo-01312,fit
demo-01313,test
demo-01314,calibration
demo-01315,fit
demo-01316,test
demo-01317,test
demo-01318,fit
demo-01319,fit
demo-01320,calibration
demo-01321,calibration
demo-01322,fit
demo-01323,calibration
demo-01324,fit
demo-01325,calibration
demo-01326,fit
demo-01327,fit
demo-01328,fit
demo-01329,fit
demo-01330,fit
demo-01331,calibration
demo-01332,fit
demo-01333,fit
demo-01334,fit
demo-01335,fit
demo-01336,test
demo-01337,fit
demo-01338,calibration
demo-01339,fit
demo-01340,test
demo-01341,fit
demo-01342,calibration
demo-01343,fit
demo-01344,test
demo-01345,fit
demo-01346,calibration
demo-01347,fit
demo-01348,fit
demo-01349,fit
demo-01350,fit
demo-01351,fit
demo-01352,test
demo-01353,fit
demo-01354,fit
demo-01355,test
demo-01356,calibration
demo-01357,fit
demo-01358,fit
demo-01359,fit
demo-01360,fit
demo-01361,test
demo-01362,test
demo-01363,fit
demo-01364,test
demo-01365,fit
demo-01366,test
demo-01367,fit
demo-01368,test
demo-01369,fit
demo-01370,fit
demo-01371,fit
demo-01372,fit
demo-01373,fit
demo-01374,test
demo-01375,test
demo-01376,fit
demo-01377,calibration
demo-01378,test
demo-01379,fit
demo-01380,fit
demo-01381,fit
demo-01382,calibration
demo-01383,calibration
demo-01384,fit
demo-01385,test
demo-01386,fit
demo-01387,test
demo-01388,fit
demo-01389,fit
demo-01390,fit
demo-01391,test
demo-01392,fit
demo-01393,test
demo-01394,test
demo-01395,fit
demo-01396,fit
demo-01397,fit
demo-01398,fit
demo-01399,fit
demo-01400,fit
demo-01401,fit
demo-01402,test
demo-01403,calibration
demo-01404,test
demo-01405,fit
demo-01406,calibration
demo-01407,calibration
demo-01408,fit
demo-01409,fit
demo-01410,calibration
demo-01411,fit
demo-01412,fit
demo-01413,test
demo-01414,fit
demo-01415,fit
demo-01416,fit
demo-01417,fit
demo-01418,fit
demo-01419,fit
demo-01420,test
demo-01421,calibration
demo-01422,fit
demo-01423,fit
demo-01424,fit
demo-01425,fit
demo-01426,fit
demo-01427,fit
demo-01428,calibration
demo-01429,fit
demo-01430,fit
demo-01431,fit
demo-01432,fit
demo-01433,test
demo-01434,fit
demo-01435,test
demo-01436,fit
demo-01437,calibration
demo-01438,calibration
demo-01439,fit
demo-01440,calibration
demo-01441,fit
demo-01442,calibration
demo-01443,fit
demo-01444,fit
demo-01445,fit
demo-01446,fit
demo-01447,test
demo-01448,calibration
demo-01449,test
demo-01450,fit
demo-01451,calibration
demo-01452,fit
demo-01453,fit
demo-01454,test
demo-01455,test
demo-01456,fit
demo-01457,fit
demo-01458,fit
demo-01459,calibration
demo-01460,fit
demo-01461,test
demo-01462,calibration
demo-01463,calibration
demo-01464,fit
demo-01465,fit
demo-01466,fit
demo-01467,fit
demo-01468,fit
demo-01469,fit
demo-01470,fit
demo-01471,fit
demo-01472,test
demo-01473,calibration
demo-01474,calibration
demo-01475,fit
demo-01476,fit
demo-01477,fit
demo-01478,fit
demo-01479,fit
demo-01480,fit
demo-01481,fit
demo-01482,fit
demo-01483,fit
demo-01484,calibration
demo-01485,fit
demo-01486,test
demo-01487,test
demo-01488,fit
demo-01489,fit
demo-01490,fit
demo-01491,calibration
demo-01492,fit
demo-01493,calibration
demo-01494,test
demo-01495,fit
demo-01496,fit
demo-01497,fit
demo-01498,fit
demo-01499,calibration
demo-01500,fit
demo-01501,fit
demo-01502,fit
demo-01503,fit
demo-01504,calibration
demo-01505,fit
demo-01506,fit
demo-01507,fit
demo-01508,fit
demo-01509,test
demo-01510,test
demo-01511,test
demo-01512,calibration
demo-01513,test
demo-01514,fit
demo-01515,calibration
demo-01516,calibration
demo-01517,fit
demo-01518,calibration
demo-01519,fit
demo-01520,fit
demo-01521,test
demo-01522,fit
demo-01523,fit
demo-01524,fit
demo-01525,fit
demo-01526,fit
demo-01527,fit
demo-01528,fit
demo-01529,fit
demo-01530,test
demo-01531,fit
demo-01532,fit
demo-01533,calibration
demo-01534,fit
demo-01535,test
demo-01536,fit
demo-01537,fit
demo-01538,fit
demo-01539,test
demo-01540,fit
demo-01541,calibration
demo-01542,fit
demo-01543,fit
demo-01544,fit
demo-01545,calibration
demo-01546,fit
demo-01547,test
demo-01548,fit
demo-01549,calibration
demo-01550,fit
demo-01551,fit
demo-01552,fit
demo-01553,fit
demo-01554,fit
demo-01555,fit
demo-01556,fit
demo-01557,test
demo-01558,test
demo-01559,fit
demo-01560,fit
demo-01561,test
demo-01562,fit
demo-01563,fit
demo-01564,fit
demo-01565,test
demo-01566,calibration
demo-01567,fit
demo-01568,calibration
demo-01569,calibration
demo-01570,calibration
demo-01571,fit
demo-01572,test
demo-01573,calibration
demo-01574,fit
demo-01575,calibration
demo-01576,fit
demo-01577,calibration
demo-01578,calibration
demo-01579,fit
demo-01580,test
demo-01581,fit
demo-01582,fit
demo-01583,test
demo-01584,fit
demo-01585,calibration
demo-01586,calibration
demo-01587,fit
demo-01588,fit
demo-01589,fit
demo-01590,calibration
demo-01591,fit
demo-01592,fit
demo-01593,calibration
demo-01594,fit
demo-01595,fit
demo-01596,test
demo-01597,fit
demo-01598,fit
demo-01599,test
demo-01600,fit
demo-01601,fit
demo-01602,calibration
demo-01603,fit
demo-01604,fit
demo-01605,fit
demo-01606,fit
demo-01607,fit
demo-01608,calibration
demo-01609,fit
demo-01610,calibration
demo-01611,fit
demo-01612,test
demo-01613,fit
demo-01614,test
demo-01615,fit
demo-01616,fit
demo-01617,fit
demo-01618,fit
demo-01619,calibration
demo-01620,fit
demo-01621,fit
demo-01622,fit
demo-01623,fit
demo-01624,fit
demo-01625,fit
demo-01626,fit
demo-01627,test
demo-01628,fit
demo-01629,test
demo-01630,fit
demo-01631,fit
demo-01632,fit
demo-01633,fit
demo-01634,calibration
demo-01635,fit
demo-01636,calibration
demo-01637,fit
demo-01638,fit
demo-01639,calibration
demo-01640,fit
demo-01641,test
demo-01642,fit
demo-01643,calibration
demo-01644,fit
demo-01645,fit
demo-01646,test
demo-01647,fit
demo-01648,fit
demo-01649,fit
demo-01650,test
demo-01651,fit
demo-01652,fit
demo-01653,fit
demo-01654,fit
demo-01655,fit
demo-01656,calibration
demo-01657,fit
demo-01658,fit
demo-01659,calibration
demo-01660,fit
demo-01661,fit
demo-01662,fit
demo-01663,fit
demo-01664,fit
demo-01665,test
demo-01666,calibration
demo-01667,test
demo-01668,fit
demo-01669,fit
demo-01670,fit
demo-01671,fit
demo-01672,calibration
demo-01673,test
demo-01674,fit
demo-01675,fit
demo-01676,fit
demo-01677,fit
demo-01678,fit
demo-01679,calibration
demo-01680,calibration
demo-01681,test
demo-01682,fit
demo-01683,fit
demo-01684,test
demo-01685,fit
demo-01686,fit
demo-01687,fit
demo-01688,test
demo-01689,calibration
demo-01690,calibration
demo-01691,fit
demo-01692,fit
demo-01693,fit
demo-01694,test
demo-01695,fit
demo-01696,calibration
demo-01697,fit
demo-01698,calibration
demo-01699,calibration
demo-01700,test
demo-01701,calibration
demo-01702,fit
demo-01703,test
demo-01704,calibration
demo-01705,calibration
demo-01706,fit
demo-01707,calibration
demo-01708,calibration
demo-01709,test
demo-01710,fit
demo-01711,test
demo-01712,fit
demo-01713,fit
demo-01714,fit
demo-01715,fit
demo-01716,fit
demo-01717,fit
demo-01718,calibration
demo-01719,test
demo-01720,fit
demo-01721,fit
demo-01722,fit
demo-01723,calibration
demo-01724,calibration
demo-01725,test
demo-01726,test
demo-01727,fit
demo-01728,fit
demo-01729,test
demo-01730,test
demo-01731,fit
demo-01732,fit
demo-01733,calibration
demo-01734,fit
demo-01735,test
demo-01736,calibration
demo-01737,test
demo-01738,fit
demo-01739,test
demo-01740,fit
demo-01741,fit
demo-01742,test
demo-01743,fit
demo-01744,fit
demo-01745,fit
demo-01746,fit
demo-01747,fit
demo-01748,fit
demo-01749,fit
demo-01750,fit
demo-01751,fit
demo-01752,fit
demo-01753,test
demo-01754,calibration
demo-01755,fit
demo-01756,test
demo-01757,fit
demo-01758,fit
demo-01759,calibration
demo-01760,fit
demo-01761,calibration
demo-01762,fit
demo-01763,calibration
demo-01764,fit
demo-01765,calibration
demo-01766,test
demo-01767,test
demo-01768,fit
demo-01769,fit
demo-01770,calibration
demo-01771,fit
demo-01772,calibration
demo-01773,calibration
demo-01774,fit
demo-01775,fit
demo-01776,test
demo-01777,test
demo-01778,test
demo-01779,fit
demo-01780,fit
demo-01781,fit
demo-01782,fit
demo-01783,test
demo-01784,test
demo-01785,fit
demo-01786,fit
demo-01787,fit
demo-01788,test
demo-01789,test
demo-01790,test
demo-01791,fit
demo-01792,calibration
demo-01793,fit
demo-01794,fit
demo-01795,fit
demo-01796,fit
demo-01797,calibration
demo-01798,test
demo-01799,calibration
demo-01800,fit
demo-01801,fit
demo-01802,fit
demo-01803,fit
demo-01804,fit
demo-01805,fit
demo-01806,calibration
demo-01807,fit
demo-01808,test
demo-01809,fit
demo-01810,fit
demo-01811,fit
demo-01812,test
demo-01813,fit
demo-01814,test
demo-01815,calibration
demo-01816,fit
demo-01817,calibration
demo-01818,fit
demo-01819,fit
demo-01820,calibration
demo-01821,fit
demo-01822,test
demo-01823,fit
demo-01824,fit
demo-01825,test
demo-01826,fit
demo-01827,fit
demo-01828,fit
demo-01829,fit
demo-01830,fit
demo-01831,fit
demo-01832,test
demo-01833,fit
demo-01834,fit
demo-01835,fit
demo-01836,fit
demo-01837,fit
demo-01838,fit
demo-01839,fit
demo-01840,fit
demo-01841,fit
demo-01842,test
demo-01843,fit
demo-01844,fit
demo-01845,test
demo-01846,fit
demo-01847,fit
demo-01848,fit
demo-01849,test
demo-01850,fit
demo-01851,test
demo-01852,calibration
demo-01853,fit
demo-01854,fit
demo-01855,fit
demo-01856,test
demo-01857,fit
demo-01858,fit
demo-01859,fit
demo-01860,fit
demo-01861,fit
demo-01862,fit
demo-01863,fit
demo-01864,test
demo-01865,calibration
demo-01866,fit
demo-01867,test
demo-01868,fit
demo-01869,test
demo-01870,test
demo-01871,fit
demo-01872,calibration
demo-01873,fit
demo-01874,test
demo-01875,calibration
demo-01876,fit
demo-01877,fit
demo-01878,calibration
demo-01879,test
demo-01880,test
demo-01881,fit
demo-01882,calibration
demo-01883,fit
demo-01884,fit
demo-01885,fit
demo-01886,fit
demo-01887,calibration
demo-01888,fit
demo-01889,fit
demo-01890,fit
demo-01891,test
demo-01892,fit
demo-01893,fit
demo-01894,fit
demo-01895,fit
demo-01896,test
demo-01897,fit
demo-01898,test
demo-01899,calibration
demo-01900,fit
demo-01901,fit
demo-01902,fit
demo-01903,calibration
demo-01904,calibration
demo-01905,test
demo-01906,fit
demo-01907,test
demo-01908,fit
demo-01909,fit
demo-01910,calibration
demo-01911,test
demo-01912,fit
demo-01913,fit
demo-01914,calibration
demo-01915,fit
demo-01916,fit
demo-01917,fit
demo-01918,fit
demo-01919,fit
demo-01920,fit
demo-01921,fit
demo-01922,fit
demo-01923,fit
demo-01924,fit
demo-01925,fit
demo-01926,fit
demo-01927,test
demo-01928,fit
demo-01929,fit
demo-01930,calibration
demo-01931,fit
demo-01932,calibration
demo-01933,fit
demo-01934,test
demo-01935,calibration
demo-01936,fit
demo-01937,calibration
demo-01938,test
demo-01939,fit
demo-01940,fit
demo-01941,fit
demo-01942,test
demo-01943,fit
demo-01944,calibration
demo-01945,fit
demo-01946,fit
demo-01947,fit
demo-01948,test
demo-01949,fit
demo-01950,fit
demo-01951,calibration
demo-01952,fit
demo-01953,fit
demo-01954,fit
demo-01955,fit
demo-01956,calibration
demo-01957,fit
demo-01958,fit
demo-01959,fit
demo-01960,fit
demo-01961,fit
demo-01962,fit
demo-01963,test
demo-01964,calibration
demo-01965,test
demo-01966,test
demo-01967,calibration
demo-01968,test
demo-01969,fit
demo-01970,fit
demo-01971,fit
demo-01972,fit
demo-01973,fit
demo-01974,fit
demo-01975,fit
demo-01976,test
demo-01977,calibration
demo-01978,test
demo-01979,fit
demo-01980,calibration
demo-01981,fit
demo-01982,fit
demo-01983,calibration
demo-01984,fit
demo-01985,fit
demo-01986,fit
demo-01987,fit
demo-01988,fit
demo-01989,calibration
demo-01990,fit
demo-01991,calibration
demo-01992,test
demo-01993,test
demo-01994,fit
demo-01995,fit
demo-01996,fit
demo-01997,fit
demo-01998,fit
demo-01999,calibration
demo-02000,test
demo-02001,fit
demo-02002,fit
demo-02003,fit
demo-02004,test
demo-02005,fit
demo-02006,fit
demo-02007,fit
demo-02008,fit
demo-02009,test
demo-02010,fit
demo-02011,calibration
demo-02012,fit
demo-02013,fit
demo-02014,test
demo-02015,fit
demo-02016,test
demo-02017,fit
demo-02018,fit
demo-02019,test
demo-02020,fit
demo-02021,test
demo-02022,fit
demo-02023,fit
demo-02024,test
demo-02025,calibration
demo-02026,fit
demo-02027,fit
demo-02028,fit
demo-02029,fit
demo-02030,calibration
demo-02031,fit
demo-02032,fit
demo-02033,fit
demo-02034,test
demo-02035,calibration
demo-02036,test
demo-02037,test
demo-02038,calibration
demo-02039,fit
demo-02040,calibration
demo-02041,calibration
demo-02042,test
demo-02043,fit
demo-02044,fit
demo-02045,fit
demo-02046,calibration
demo-02047,fit
demo-02048,fit
demo-02049,fit
demo-02050,calibration
demo-02051,fit
demo-02052,fit
demo-02053,calibration
demo-02054,test
demo-02055,fit
demo-02056,fit
demo-02057,test
demo-02058,fit
demo-02059,fit
demo-02060,test
demo-02061,fit
demo-02062,fit
demo-02063,fit
demo-02064,fit
demo-02065,calibration
demo-02066,fit
demo-02067,fit
demo-02068,fit
demo-02069,fit
demo-02070,fit
demo-02071,test
demo-02072,fit
demo-02073,test
demo-02074,fit
demo-02075,fit
demo-02076,fit
demo-02077,fit
demo-02078,fit
demo-02079,fit
demo-02080,fit
demo-02081,fit
demo-02082,fit
demo-02083,fit
demo-02084,fit
demo-02085,fit
demo-02086,fit
demo-02087,fit
demo-02088,fit
demo-02089,fit
demo-02090,fit
demo-02091,fit
demo-02092,test
demo-02093,test
demo-02094,fit
demo-02095,test
demo-02096,fit
demo-02097,test
demo-02098,fit
demo-02099,fit
demo-02100,test
demo-02101,fit
demo-02102,fit
demo-02103,fit
demo-02104,test
demo-02105,calibration
demo-02106,fit
demo-02107,test
demo-02108,fit
demo-02109,fit
demo-02110,fit
demo-02111,fit
demo-02112,test
demo-02113,fit
demo-02114,test
demo-02115,fit
demo-02116,fit
demo-02117,fit
demo-02118,fit
demo-02119,fit
demo-02120,fit
demo-02121,fit
demo-02122,fit
demo-02123,calibration
demo-02124,calibration
demo-02125,fit
demo-02126,test
demo-02127,calibration
demo-02128,fit
demo-02129,fit
demo-02130,test
demo-02131,fit
demo-02132,test
demo-02133,test
demo-02134,calibration
demo-02135,fit
demo-02136,fit
demo-02137,calibration
demo-02138,test
demo-02139,fit
demo-02140,test
demo-02141,fit
demo-02142,fit
demo-02143,fit
demo-02144,fit
demo-02145,fit
demo-02146,fit
demo-02147,test
demo-02148,fit
demo-02149,test
demo-02150,fit
demo-02151,test
demo-02152,test
demo-02153,fit
demo-02154,fit
demo-02155,calibration
demo-02156,fit
demo-02157,fit
demo-02158,test
demo-02159,fit
demo-02160,fit
demo-02161,fit
demo-02162,fit
demo-02163,fit
demo-02164,fit
demo-02165,fit
demo-02166,calibration
demo-02167,test
demo-02168,fit
demo-02169,fit
demo-02170,fit
demo-02171,fit
demo-02172,calibration
demo-02173,fit
demo-02174,test
demo-02175,test
demo-02176,calibration
demo-02177,fit
demo-02178,calibration
demo-02179,fit
demo-02180,test
demo-02181,test
demo-02182,fit
demo-02183,fit
demo-02184,fit
demo-02185,fit
demo-02186,fit
demo-02187,calibration
demo-02188,calibration
demo-02189,calibration
demo-02190,test
demo-02191,fit
demo-02192,fit
demo-02193,fit
demo-02194,fit
demo-02195,fit
demo-02196,test
demo-02197,test
demo-02198,fit
demo-02199,fit
demo-02200,calibration
demo-02201,test
demo-02202,fit
demo-02203,test
demo-02204,test
demo-02205,fit
demo-02206,calibration
demo-02207,test
demo-02208,fit
demo-02209,fit
demo-02210,fit
demo-02211,calibration
demo-02212,fit
demo-02213,fit
demo-02214,fit
demo-02215,fit
demo-02216,fit
demo-02217,test
demo-02218,test
demo-02219,fit
demo-02220,fit
demo-02221,fit
demo-02222,test
demo-02223,fit
demo-02224,fit
demo-02225,test
demo-02226,fit
demo-02227,fit
demo-02228,test
demo-02229,fit
demo-02230,fit
demo-02231,test
demo-02232,fit
demo-02233,fit
demo-02234,calibration
demo-02235,calibration
demo-02236,fit
demo-02237,fit
demo-02238,test
demo-02239,fit
demo-02240,calibration
demo-02241,fit
demo-02242,fit
demo-02243,fit
demo-02244,fit
demo-02245,test
demo-02246,fit
demo-02247,calibration
demo-02248,test
demo-02249,fit
demo-02250,fit
demo-02251,fit
demo-02252,test
demo-02253,calibration
demo-02254,fit
demo-02255,fit
demo-02256,fit
demo-02257,test
demo-02258,calibration
demo-02259,fit
demo-02260,fit
demo-02261,fit
demo-02262,fit
demo-02263,fit
demo-02264,fit
demo-02265,fit
demo-02266,fit
demo-02267,test
demo-02268,fit
demo-02269,calibration
demo-02270,fit
demo-02271,fit
demo-02272,test
demo-02273,fit
demo-02274,fit
demo-02275,calibration
demo-02276,test
demo-02277,fit
demo-02278,fit
demo-02279,fit
demo-02280,fit
demo-02281,fit
demo-02282,fit
demo-02283,fit
demo-02284,fit
demo-02285,test
demo-02286,fit
demo-02287,calibration
demo-02288,fit
demo-02289,fit
demo-02290,fit
demo-02291,fit
demo-02292,fit
demo-02293,fit
demo-02294,test
demo-02295,fit
demo-02296,fit
demo-02297,fit
demo-02298,fit
demo-02299,fit
demo-02300,fit
demo-02301,fit
demo-02302,fit
demo-02303,fit
demo-02304,fit
demo-02305,fit
demo-02306,fit
demo-02307,test
demo-02308,calibration
demo-02309,fit
demo-02310,fit
demo-02311,fit
demo-02312,calibration
demo-02313,fit
demo-02314,test
demo-02315,calibration
demo-02316,fit
demo-02317,fit
demo-02318,fit
demo-02319,test
demo-02320,fit
demo-02321,test
demo-02322,fit
demo-02323,fit
demo-02324,fit
demo-02325,fit
demo-02326,fit
demo-02327,calibration
demo-02328,fit
demo-02329,fit
demo-02330,fit
demo-02331,calibration
demo-02332,fit
demo-02333,fit
demo-02334,fit
demo-02335,fit
demo-02336,fit
demo-02337,fit
demo-02338,fit
demo-02339,fit
demo-02340,fit
demo-02341,test
demo-02342,fit
demo-02343,fit
demo-02344,fit
demo-02345,fit
demo-02346,fit
demo-02347,fit
demo-02348,fit
demo-02349,fit
demo-02350,test
demo-02351,calibration
demo-02352,fit
demo-02353,calibration
demo-02354,fit
demo-02355,fit
demo-02356,fit
demo-02357,fit
demo-02358,fit
demo-02359,fit
demo-02360,fit
demo-02361,fit
demo-02362,fit
demo-02363,fit
demo-02364,fit
demo-02365,fit
demo-02366,test
demo-02367,test
demo-02368,test
demo-02369,calibration
demo-02370,calibration
demo-02371,fit
demo-02372,fit
demo-02373,calibration
demo-02374,fit
demo-02375,calibration
demo-02376,fit
demo-02377,fit
demo-02378,fit
demo-02379,calibration
demo-02380,calibration
demo-02381,fit
demo-02382,test
demo-02383,fit
demo-02384,fit
demo-02385,test
demo-02386,fit
demo-02387,fit
demo-02388,fit
demo-02389,fit
demo-02390,fit
demo-02391,test
demo-02392,calibration
demo-02393,fit
demo-02394,fit
demo-02395,test
demo-02396,fit
demo-02397,test
demo-02398,test
demo-02399,fit
